-- File: stationary/backup.sql
-- MySQL dump 10.13  Distrib 8.0.42, for Win64 (x86_64)
--
-- Host: stationary.choiwq04qenw.eu-north-1.rds.amazonaws.com    Database: stationary
-- ------------------------------------------------------
-- Server version	8.0.41

/*!40101 SET @OLD_CHARACTER_SET_CLIENT=@@CHARACTER_SET_CLIENT */;
/*!40101 SET @OLD_CHARACTER_SET_RESULTS=@@CHARACTER_SET_RESULTS */;
/*!40101 SET @OLD_COLLATION_CONNECTION=@@COLLATION_CONNECTION */;
/*!50503 SET NAMES utf8mb4 */;
/*!40103 SET @OLD_TIME_ZONE=@@TIME_ZONE */;
/*!40103 SET TIME_ZONE='+00:00' */;
/*!40014 SET @OLD_UNIQUE_CHECKS=@@UNIQUE_CHECKS, UNIQUE_CHECKS=0 */;
/*!40014 SET @OLD_FOREIGN_KEY_CHECKS=@@FOREIGN_KEY_CHECKS, FOREIGN_KEY_CHECKS=0 */;
/*!40101 SET @OLD_SQL_MODE=@@SQL_MODE, SQL_MODE='NO_AUTO_VALUE_ON_ZERO' */;
/*!40111 SET @OLD_SQL_NOTES=@@SQL_NOTES, SQL_NOTES=0 */;

--
-- Table structure for table `auth_group`
--

DROP TABLE IF EXISTS `auth_group`;
/*!40101 SET @saved_cs_client     = @@character_set_client */;
/*!50503 SET character_set_client = utf8mb4 */;
CREATE TABLE `auth_group` (
  `id` int NOT NULL AUTO_INCREMENT,
  `name` varchar(150) NOT NULL,
  PRIMARY KEY (`id`),
  UNIQUE KEY `name` (`name`)
) ENGINE=InnoDB DEFAULT CHARSET=utf8mb4 COLLATE=utf8mb4_0900_ai_ci;
/*!40101 SET character_set_client = @saved_cs_client */;

--
-- Dumping data for table `auth_group`
--

LOCK TABLES `auth_group` WRITE;
/*!40000 ALTER TABLE `auth_group` DISABLE KEYS */;
/*!40000 ALTER TABLE `auth_group` ENABLE KEYS */;
UNLOCK TABLES;

--
-- Table structure for table `auth_group_permissions`
--

DROP TABLE IF EXISTS `auth_group_permissions`;
/*!40101 SET @saved_cs_client     = @@character_set_client */;
/*!50503 SET character_set_client = utf8mb4 */;
CREATE TABLE `auth_group_permissions` (
  `id` bigint NOT NULL AUTO_INCREMENT,
  `group_id` int NOT NULL,
  `permission_id` int NOT NULL,
  PRIMARY KEY (`id`),
  UNIQUE KEY `auth_group_permissions_group_id_permission_id_0cd325b0_uniq` (`group_id`,`permission_id`),
  KEY `auth_group_permissio_permission_id_84c5c92e_fk_auth_perm` (`permission_id`),
  CONSTRAINT `auth_group_permissio_permission_id_84c5c92e_fk_auth_perm` FOREIGN KEY (`permission_id`) REFERENCES `auth_permission` (`id`),
  CONSTRAINT `auth_group_permissions_group_id_b120cbf9_fk_auth_group_id` FOREIGN KEY (`group_id`) REFERENCES `auth_group` (`id`)
) ENGINE=InnoDB DEFAULT CHARSET=utf8mb4 COLLATE=utf8mb4_0900_ai_ci;
/*!40101 SET character_set_client = @saved_cs_client */;

--
-- Dumping data for table `auth_group_permissions`
--

LOCK TABLES `auth_group_permissions` WRITE;
/*!40000 ALTER TABLE `auth_group_permissions` DISABLE KEYS */;
/*!40000 ALTER TABLE `auth_group_permissions` ENABLE KEYS */;
UNLOCK TABLES;

--
-- Table structure for table `auth_permission`
--

DROP TABLE IF EXISTS `auth_permission`;
/*!40101 SET @saved_cs_client     = @@character_set_client */;
/*!50503 SET character_set_client = utf8mb4 */;
CREATE TABLE `auth_permission` (
  `id` int NOT NULL AUTO_INCREMENT,
  `name` varchar(255) NOT NULL,
  `content_type_id` int NOT NULL,
  `codename` varchar(100) NOT NULL,
  PRIMARY KEY (`id`),
  UNIQUE KEY `auth_permission_content_type_id_codename_01ab375a_uniq` (`content_type_id`,`codename`),
  CONSTRAINT `auth_permission_content_type_id_2f476e4b_fk_django_co` FOREIGN KEY (`content_type_id`) REFERENCES `django_content_type` (`id`)
) ENGINE=InnoDB AUTO_INCREMENT=69 DEFAULT CHARSET=utf8mb4 COLLATE=utf8mb4_0900_ai_ci;
/*!40101 SET character_set_client = @saved_cs_client */;

--
-- Dumping data for table `auth_permission`
--

LOCK TABLES `auth_permission` WRITE;
/*!40000 ALTER TABLE `auth_permission` DISABLE KEYS */;
INSERT INTO `auth_permission` VALUES (1,'Can add log entry',1,'add_logentry'),(2,'Can change log entry',1,'change_logentry'),(3,'Can delete log entry',1,'delete_logentry'),(4,'Can view log entry',1,'view_logentry'),(5,'Can add permission',2,'add_permission'),(6,'Can change permission',2,'change_permission'),(7,'Can delete permission',2,'delete_permission'),(8,'Can view permission',2,'view_permission'),(9,'Can add group',3,'add_group'),(10,'Can change group',3,'change_group'),(11,'Can delete group',3,'delete_group'),(12,'Can view group',3,'view_group'),(13,'Can add user',4,'add_user'),(14,'Can change user',4,'change_user'),(15,'Can delete user',4,'delete_user'),(16,'Can view user',4,'view_user'),(17,'Can add content type',5,'add_contenttype'),(18,'Can change content type',5,'change_contenttype'),(19,'Can delete content type',5,'delete_contenttype'),(20,'Can view content type',5,'view_contenttype'),(21,'Can add session',6,'add_session'),(22,'Can change session',6,'change_session'),(23,'Can delete session',6,'delete_session'),(24,'Can view session',6,'view_session'),(25,'Can add category',7,'add_category'),(26,'Can change category',7,'change_category'),(27,'Can delete category',7,'delete_category'),(28,'Can view category',7,'view_category'),(29,'Can add cart',8,'add_cart'),(30,'Can change cart',8,'change_cart'),(31,'Can delete cart',8,'delete_cart'),(32,'Can view cart',8,'view_cart'),(33,'Can add order',9,'add_order'),(34,'Can change order',9,'change_order'),(35,'Can delete order',9,'delete_order'),(36,'Can view order',9,'view_order'),(37,'Can add product',10,'add_product'),(38,'Can change product',10,'change_product'),(39,'Can delete product',10,'delete_product'),(40,'Can view product',10,'view_product'),(41,'Can add order item',11,'add_orderitem'),(42,'Can change order item',11,'change_orderitem'),(43,'Can delete order item',11,'delete_orderitem'),(44,'Can view order item',11,'view_orderitem'),(45,'Can add cart item',12,'add_cartitem'),(46,'Can change cart item',12,'change_cartitem'),(47,'Can delete cart item',12,'delete_cartitem'),(48,'Can view cart item',12,'view_cartitem'),(49,'Can add profile',13,'add_profile'),(50,'Can change profile',13,'change_profile'),(51,'Can delete profile',13,'delete_profile'),(52,'Can view profile',13,'view_profile'),(53,'Can add product image',14,'add_productimage'),(54,'Can change product image',14,'change_productimage'),(55,'Can delete product image',14,'delete_productimage'),(56,'Can view product image',14,'view_productimage'),(57,'Can add Token',15,'add_token'),(58,'Can change Token',15,'change_token'),(59,'Can delete Token',15,'delete_token'),(60,'Can view Token',15,'view_token'),(61,'Can add Token',16,'add_tokenproxy'),(62,'Can change Token',16,'change_tokenproxy'),(63,'Can delete Token',16,'delete_tokenproxy'),(64,'Can view Token',16,'view_tokenproxy'),(65,'Can add announcement',17,'add_announcement'),(66,'Can change announcement',17,'change_announcement'),(67,'Can delete announcement',17,'delete_announcement'),(68,'Can view announcement',17,'view_announcement');
/*!40000 ALTER TABLE `auth_permission` ENABLE KEYS */;
UNLOCK TABLES;

--
-- Table structure for table `auth_user`
--

DROP TABLE IF EXISTS `auth_user`;
/*!40101 SET @saved_cs_client     = @@character_set_client */;
/*!50503 SET character_set_client = utf8mb4 */;
CREATE TABLE `auth_user` (
  `id` int NOT NULL AUTO_INCREMENT,
  `password` varchar(128) NOT NULL,
  `last_login` datetime(6) DEFAULT NULL,
  `is_superuser` tinyint(1) NOT NULL,
  `username` varchar(150) NOT NULL,
  `first_name` varchar(150) NOT NULL,
  `last_name` varchar(150) NOT NULL,
  `email` varchar(254) NOT NULL,
  `is_staff` tinyint(1) NOT NULL,
  `is_active` tinyint(1) NOT NULL,
  `date_joined` datetime(6) NOT NULL,
  PRIMARY KEY (`id`),
  UNIQUE KEY `username` (`username`)
) ENGINE=InnoDB AUTO_INCREMENT=8 DEFAULT CHARSET=utf8mb4 COLLATE=utf8mb4_0900_ai_ci;
/*!40101 SET character_set_client = @saved_cs_client */;

--
-- Dumping data for table `auth_user`
--

LOCK TABLES `auth_user` WRITE;
/*!40000 ALTER TABLE `auth_user` DISABLE KEYS */;
INSERT INTO `auth_user` VALUES (1,'pbkdf2_sha256$1000000$qw6FUYh1ydUuuocCtNava8$OsSbybtnf6icSPpwDvNot21IWVNGrGFau4lFnQf2+SM=','2025-08-05 04:19:16.679415',1,'Zeeshan','','','zeeshan2026.ansari@gmail.com',1,1,'2025-07-28 05:25:05.547405'),(2,'pbkdf2_sha256$1000000$n1pKkL3P1cTy3BD8CFjEUn$n1om9PEg/EkFw4s97XEE0AVjKeim/IGcB9Yv8gKFCdY=','2025-08-02 16:24:11.794048',1,'admin@scribi-store','','','storescribi@gmail.com',1,1,'2025-07-28 14:36:05.899809'),(3,'pbkdf2_sha256$1000000$EwKzo5jnN5IL02hd3D2ORS$6LONah4hMKZXGKAAgpVD/vjEewOn8VywWkwopFfLjcI=',NULL,0,'Munawar','Zainab','Noor','hussaindogar67000@gmail.com',0,1,'2025-08-01 06:45:53.141059'),(4,'pbkdf2_sha256$1000000$wNW8792jPG15W8DDGdLen1$q9dw4EaqowZvY7dnx7Ygg7JjLsoNouZKMwVDlNGcYgk=','2025-08-02 08:10:48.711194',0,'Zubair Ali','Zubair','Ali','zubairjogi01@gmail.com',0,1,'2025-08-02 08:09:48.096105'),(6,'pbkdf2_sha256$1000000$aRh0hvVWRdVBtB2sERH1b8$IR94rzhTdNuFLo9gNztyWfbWSbb+AMjHzq1X7sgzQzE=','2025-08-05 16:53:53.507015',0,'Majid rafiq','Majid','Rafiq','majidrafique143@gmail.com',0,1,'2025-08-05 16:53:39.420719'),(7,'pbkdf2_sha256$1000000$ZiaDXZQqaXgudhKLtJEsc5$M2sfh3lbRcN0TiZMzGhgbevLxCdibtYB+5QsJHr4Qa8=',NULL,0,'Usman','Raza','Raza','usmanrazaliaqat9797@gmail.com',0,1,'2025-08-06 16:05:55.368863');
/*!40000 ALTER TABLE `auth_user` ENABLE KEYS */;
UNLOCK TABLES;

--
-- Table structure for table `auth_user_groups`
--

DROP TABLE IF EXISTS `auth_user_groups`;
/*!40101 SET @saved_cs_client     = @@character_set_client */;
/*!50503 SET character_set_client = utf8mb4 */;
CREATE TABLE `auth_user_groups` (
  `id` bigint NOT NULL AUTO_INCREMENT,
  `user_id` int NOT NULL,
  `group_id` int NOT NULL,
  PRIMARY KEY (`id`),
  UNIQUE KEY `auth_user_groups_user_id_group_id_94350c0c_uniq` (`user_id`,`group_id`),
  KEY `auth_user_groups_group_id_97559544_fk_auth_group_id` (`group_id`),
  CONSTRAINT `auth_user_groups_group_id_97559544_fk_auth_group_id` FOREIGN KEY (`group_id`) REFERENCES `auth_group` (`id`),
  CONSTRAINT `auth_user_groups_user_id_6a12ed8b_fk_auth_user_id` FOREIGN KEY (`user_id`) REFERENCES `auth_user` (`id`)
) ENGINE=InnoDB DEFAULT CHARSET=utf8mb4 COLLATE=utf8mb4_0900_ai_ci;
/*!40101 SET character_set_client = @saved_cs_client */;

--
-- Dumping data for table `auth_user_groups`
--

LOCK TABLES `auth_user_groups` WRITE;
/*!40000 ALTER TABLE `auth_user_groups` DISABLE KEYS */;
/*!40000 ALTER TABLE `auth_user_groups` ENABLE KEYS */;
UNLOCK TABLES;

--
-- Table structure for table `auth_user_user_permissions`
--

DROP TABLE IF EXISTS `auth_user_user_permissions`;
/*!40101 SET @saved_cs_client     = @@character_set_client */;
/*!50503 SET character_set_client = utf8mb4 */;
CREATE TABLE `auth_user_user_permissions` (
  `id` bigint NOT NULL AUTO_INCREMENT,
  `user_id` int NOT NULL,
  `permission_id` int NOT NULL,
  PRIMARY KEY (`id`),
  UNIQUE KEY `auth_user_user_permissions_user_id_permission_id_14a6b632_uniq` (`user_id`,`permission_id`),
  KEY `auth_user_user_permi_permission_id_1fbb5f2c_fk_auth_perm` (`permission_id`),
  CONSTRAINT `auth_user_user_permi_permission_id_1fbb5f2c_fk_auth_perm` FOREIGN KEY (`permission_id`) REFERENCES `auth_permission` (`id`),
  CONSTRAINT `auth_user_user_permissions_user_id_a95ead1b_fk_auth_user_id` FOREIGN KEY (`user_id`) REFERENCES `auth_user` (`id`)
) ENGINE=InnoDB DEFAULT CHARSET=utf8mb4 COLLATE=utf8mb4_0900_ai_ci;
/*!40101 SET character_set_client = @saved_cs_client */;

--
-- Dumping data for table `auth_user_user_permissions`
--

LOCK TABLES `auth_user_user_permissions` WRITE;
/*!40000 ALTER TABLE `auth_user_user_permissions` DISABLE KEYS */;
/*!40000 ALTER TABLE `auth_user_user_permissions` ENABLE KEYS */;
UNLOCK TABLES;

--
-- Table structure for table `authtoken_token`
--

DROP TABLE IF EXISTS `authtoken_token`;
/*!40101 SET @saved_cs_client     = @@character_set_client */;
/*!50503 SET character_set_client = utf8mb4 */;
CREATE TABLE `authtoken_token` (
  `key` varchar(40) NOT NULL,
  `created` datetime(6) NOT NULL,
  `user_id` int NOT NULL,
  PRIMARY KEY (`key`),
  UNIQUE KEY `user_id` (`user_id`),
  CONSTRAINT `authtoken_token_user_id_35299eff_fk_auth_user_id` FOREIGN KEY (`user_id`) REFERENCES `auth_user` (`id`)
) ENGINE=InnoDB DEFAULT CHARSET=utf8mb4 COLLATE=utf8mb4_0900_ai_ci;
/*!40101 SET character_set_client = @saved_cs_client */;

--
-- Dumping data for table `authtoken_token`
--

LOCK TABLES `authtoken_token` WRITE;
/*!40000 ALTER TABLE `authtoken_token` DISABLE KEYS */;
/*!40000 ALTER TABLE `authtoken_token` ENABLE KEYS */;
UNLOCK TABLES;

--
-- Table structure for table `django_admin_log`
--

DROP TABLE IF EXISTS `django_admin_log`;
/*!40101 SET @saved_cs_client     = @@character_set_client */;
/*!50503 SET character_set_client = utf8mb4 */;
CREATE TABLE `django_admin_log` (
  `id` int NOT NULL AUTO_INCREMENT,
  `action_time` datetime(6) NOT NULL,
  `object_id` longtext,
  `object_repr` varchar(200) NOT NULL,
  `action_flag` smallint unsigned NOT NULL,
  `change_message` longtext NOT NULL,
  `content_type_id` int DEFAULT NULL,
  `user_id` int NOT NULL,
  PRIMARY KEY (`id`),
  KEY `django_admin_log_content_type_id_c4bce8eb_fk_django_co` (`content_type_id`),
  KEY `django_admin_log_user_id_c564eba6_fk_auth_user_id` (`user_id`),
  CONSTRAINT `django_admin_log_content_type_id_c4bce8eb_fk_django_co` FOREIGN KEY (`content_type_id`) REFERENCES `django_content_type` (`id`),
  CONSTRAINT `django_admin_log_user_id_c564eba6_fk_auth_user_id` FOREIGN KEY (`user_id`) REFERENCES `auth_user` (`id`),
  CONSTRAINT `django_admin_log_chk_1` CHECK ((`action_flag` >= 0))
) ENGINE=InnoDB AUTO_INCREMENT=682 DEFAULT CHARSET=utf8mb4 COLLATE=utf8mb4_0900_ai_ci;
/*!40101 SET character_set_client = @saved_cs_client */;

--
-- Dumping data for table `django_admin_log`
--

LOCK TABLES `django_admin_log` WRITE;
/*!40000 ALTER TABLE `django_admin_log` DISABLE KEYS */;
INSERT INTO `django_admin_log` VALUES (1,'2025-07-28 06:22:42.749577','1','Category 1',1,'[{\"added\": {}}]',7,1),(2,'2025-07-28 06:23:23.231503','2','Category 2',1,'[{\"added\": {}}]',7,1),(3,'2025-07-28 06:25:18.873866','1','Zubair Jogi',1,'[{\"added\": {}}, {\"added\": {\"name\": \"product image\", \"object\": \"Image for Zubair Jogi\"}}, {\"added\": {\"name\": \"product image\", \"object\": \"Image for Zubair Jogi\"}}]',10,1),(4,'2025-07-28 15:58:11.950607','1','Notebooks & Journals',2,'[{\"changed\": {\"fields\": [\"Name\", \"Slug\", \"Description\", \"Image\"]}}]',7,2),(5,'2025-07-28 15:59:18.204814','2','Category 2',3,'',7,2),(6,'2025-07-28 16:04:43.375320','1','Zubair Jogi',3,'',10,2),(7,'2025-07-28 16:05:17.083123','2','Spiral Bound Notebook - Ruled',1,'[{\"added\": {}}]',10,2),(8,'2025-07-28 16:06:28.649600','2','Spiral Bound Notebook - Ruled',2,'[{\"added\": {\"name\": \"product image\", \"object\": \"Image for Spiral Bound Notebook - Ruled\"}}]',10,2),(9,'2025-07-28 16:17:46.192962','2','Spiral Bound Notebook - Ruled',2,'[{\"added\": {\"name\": \"product image\", \"object\": \"Image for Spiral Bound Notebook - Ruled\"}}]',10,2),(10,'2025-07-28 16:19:41.185300','3','School Supplies',1,'[{\"added\": {}}]',7,2),(11,'2025-07-28 16:24:36.383391','3','Student Geometry Set',1,'[{\"added\": {}}, {\"added\": {\"name\": \"product image\", \"object\": \"Image for Student Geometry Set\"}}, {\"added\": {\"name\": \"product image\", \"object\": \"Image for Student Geometry Set\"}}]',10,2),(12,'2025-07-28 16:24:51.513473','3','Student Geometry Set',2,'[{\"changed\": {\"fields\": [\"Stock\"]}}]',10,2),(13,'2025-07-28 16:25:04.940949','2','Spiral Bound Notebook - Ruled',2,'[{\"changed\": {\"fields\": [\"Discount percentage\"]}}]',10,2),(14,'2025-07-29 04:55:26.548186','4','Note books',1,'[{\"added\": {}}, {\"added\": {\"name\": \"product image\", \"object\": \"Image for Note books\"}}]',10,2),(15,'2025-08-01 02:39:53.749432','5','pens',1,'[{\"added\": {}}, {\"added\": {\"name\": \"product image\", \"object\": \"Image for pens\"}}]',10,2),(16,'2025-08-01 02:42:18.332907','5','pens',3,'',10,2),(17,'2025-08-01 02:42:55.890015','6','lamp',1,'[{\"added\": {}}, {\"added\": {\"name\": \"product image\", \"object\": \"Image for lamp\"}}]',10,2),(18,'2025-08-01 03:34:05.762942','4','Note books',3,'',10,2),(19,'2025-08-01 03:34:05.762976','3','Student Geometry Set',3,'',10,2),(20,'2025-08-01 03:34:05.762993','2','Spiral Bound Notebook - Ruled',3,'',10,2),(21,'2025-08-01 03:38:15.039827','7','Paouch',1,'[{\"added\": {}}, {\"added\": {\"name\": \"product image\", \"object\": \"Image for Paouch\"}}]',10,2),(22,'2025-08-01 03:50:30.113327','8','pauch ii',1,'[{\"added\": {}}]',10,2),(23,'2025-08-01 03:51:42.208240','8','pauch ii',2,'[{\"changed\": {\"fields\": [\"Image\"]}}, {\"added\": {\"name\": \"product image\", \"object\": \"Image for pauch ii\"}}]',10,2),(24,'2025-08-01 04:21:16.752722','8','pauch ii',2,'[{\"changed\": {\"fields\": [\"Image\"]}}, {\"added\": {\"name\": \"product image\", \"object\": \"Image for pauch ii\"}}]',10,2),(25,'2025-08-01 04:24:38.131408','3','pens',2,'[{\"changed\": {\"fields\": [\"Name\", \"Slug\", \"Description\", \"Image\"]}}]',7,2),(26,'2025-08-01 04:25:17.644149','8','pauch ii',3,'',10,2),(27,'2025-08-01 04:25:17.644184','7','Paouch',3,'',10,2),(28,'2025-08-01 04:25:17.644200','6','lamp',3,'',10,2),(29,'2025-08-01 04:26:09.578659','9','Cute Pink Pen',1,'[{\"added\": {}}, {\"added\": {\"name\": \"product image\", \"object\": \"Image for Cute Pink Pen\"}}]',10,2),(30,'2025-08-01 04:42:15.554072','10','Pen',1,'[{\"added\": {}}, {\"added\": {\"name\": \"product image\", \"object\": \"Image for Pen\"}}]',10,2),(31,'2025-08-01 04:42:53.421388','11','pens',1,'[{\"added\": {}}, {\"added\": {\"name\": \"product image\", \"object\": \"Image for pens\"}}]',10,2),(32,'2025-08-01 04:43:54.205353','12','pens',1,'[{\"added\": {}}]',10,2),(33,'2025-08-01 04:44:31.089265','13','pens',1,'[{\"added\": {}}, {\"added\": {\"name\": \"product image\", \"object\": \"Image for pens\"}}]',10,2),(34,'2025-08-01 04:45:03.279634','14','pens',1,'[{\"added\": {}}, {\"added\": {\"name\": \"product image\", \"object\": \"Image for pens\"}}]',10,2),(35,'2025-08-01 04:45:37.960603','15','pens',1,'[{\"added\": {}}, {\"added\": {\"name\": \"product image\", \"object\": \"Image for pens\"}}]',10,2),(36,'2025-08-01 04:46:23.622538','16','pens',1,'[{\"added\": {}}]',10,2),(37,'2025-08-01 04:47:39.046479','16','pens',2,'[{\"added\": {\"name\": \"product image\", \"object\": \"Image for pens\"}}]',10,2),(38,'2025-08-01 04:47:58.477150','12','pens',2,'[{\"changed\": {\"fields\": [\"Image\"]}}]',10,2),(39,'2025-08-01 04:48:48.752316','16','pens',2,'[{\"changed\": {\"fields\": [\"Image\"]}}]',10,2),(40,'2025-08-01 05:04:28.973587','1','Pencils',2,'[{\"changed\": {\"fields\": [\"Name\", \"Slug\", \"Image\"]}}]',7,2),(41,'2025-08-01 05:05:13.589144','17','Gun Pencil',1,'[{\"added\": {}}, {\"added\": {\"name\": \"product image\", \"object\": \"Image for Gun Pencil\"}}]',10,2),(42,'2025-08-01 05:06:13.248002','18','Gun pencil',1,'[{\"added\": {}}]',10,2),(43,'2025-08-01 05:06:54.899098','19','GUN Pencils',1,'[{\"added\": {}}, {\"added\": {\"name\": \"product image\", \"object\": \"Image for GUN Pencils\"}}]',10,2),(44,'2025-08-01 05:07:24.743456','20','Gun Pencil',1,'[{\"added\": {}}, {\"added\": {\"name\": \"product image\", \"object\": \"Image for Gun Pencil\"}}]',10,2),(45,'2025-08-01 05:07:55.709139','21','pencil',1,'[{\"added\": {}}, {\"added\": {\"name\": \"product image\", \"object\": \"Image for pencil\"}}]',10,2),(46,'2025-08-01 05:09:43.083954','22','pencil',1,'[{\"added\": {}}]',10,2),(47,'2025-08-01 05:10:13.795940','23','Pencil',1,'[{\"added\": {}}, {\"added\": {\"name\": \"product image\", \"object\": \"Image for Pencil\"}}]',10,2),(48,'2025-08-01 05:11:38.216983','18','Gun pencil',2,'[{\"changed\": {\"fields\": [\"Image\"]}}, {\"added\": {\"name\": \"product image\", \"object\": \"Image for Gun pencil\"}}]',10,2),(49,'2025-08-01 05:12:23.269020','22','pencil',2,'[{\"changed\": {\"fields\": [\"Image\"]}}, {\"added\": {\"name\": \"product image\", \"object\": \"Image for pencil\"}}]',10,2),(50,'2025-08-01 05:32:03.686669','4','POUCH',1,'[{\"added\": {}}]',7,2),(51,'2025-08-01 05:32:52.555522','24','pouch',1,'[{\"added\": {}}, {\"added\": {\"name\": \"product image\", \"object\": \"Image for pouch\"}}]',10,2),(52,'2025-08-01 05:33:03.545834','25','pouch',1,'[{\"added\": {}}]',10,2),(53,'2025-08-01 05:34:03.078513','26','pouch',1,'[{\"added\": {}}]',10,2),(54,'2025-08-01 05:35:06.388261','27','pouch',1,'[{\"added\": {}}, {\"added\": {\"name\": \"product image\", \"object\": \"Image for pouch\"}}]',10,2),(55,'2025-08-01 05:35:48.532621','28','pouch',1,'[{\"added\": {}}, {\"added\": {\"name\": \"product image\", \"object\": \"Image for pouch\"}}]',10,2),(56,'2025-08-01 05:36:40.677064','29','pouch',1,'[{\"added\": {}}, {\"added\": {\"name\": \"product image\", \"object\": \"Image for pouch\"}}]',10,2),(57,'2025-08-01 05:37:23.944465','30','pouch',1,'[{\"added\": {}}, {\"added\": {\"name\": \"product image\", \"object\": \"Image for pouch\"}}]',10,2),(58,'2025-08-01 05:38:15.751358','31','pouch',1,'[{\"added\": {}}, {\"added\": {\"name\": \"product image\", \"object\": \"Image for pouch\"}}]',10,2),(59,'2025-08-01 05:41:10.410194','32','pouch',1,'[{\"added\": {}}, {\"added\": {\"name\": \"product image\", \"object\": \"Image for pouch\"}}]',10,2),(60,'2025-08-01 05:41:52.032079','25','pouch',2,'[{\"changed\": {\"fields\": [\"Image\"]}}, {\"added\": {\"name\": \"product image\", \"object\": \"Image for pouch\"}}]',10,2),(61,'2025-08-01 05:42:40.405072','26','pouch',2,'[{\"changed\": {\"fields\": [\"Image\"]}}, {\"added\": {\"name\": \"product image\", \"object\": \"Image for pouch\"}}]',10,2),(62,'2025-08-01 05:43:54.409394','26','pouch',3,'',10,2),(63,'2025-08-01 06:04:18.211673','5','Highlighter',1,'[{\"added\": {}}]',7,2),(64,'2025-08-01 06:05:13.393344','33','Highlighters',1,'[{\"added\": {}}, {\"added\": {\"name\": \"product image\", \"object\": \"Image for Highlighters\"}}]',10,2),(65,'2025-08-01 06:06:13.758648','34','Highlighter',1,'[{\"added\": {}}, {\"added\": {\"name\": \"product image\", \"object\": \"Image for Highlighter\"}}]',10,2),(66,'2025-08-01 06:07:29.665976','35','Colors kit',1,'[{\"added\": {}}, {\"added\": {\"name\": \"product image\", \"object\": \"Image for Colors kit\"}}]',10,2),(67,'2025-08-01 06:08:38.033492','36','Colors kitZ',1,'[{\"added\": {}}, {\"added\": {\"name\": \"product image\", \"object\": \"Image for Colors kitZ\"}}]',10,2),(68,'2025-08-01 06:09:38.581494','37','Highlighter',1,'[{\"added\": {}}, {\"added\": {\"name\": \"product image\", \"object\": \"Image for Highlighter\"}}]',10,2),(69,'2025-08-01 06:10:30.894102','38','Highlighter',1,'[{\"added\": {}}, {\"added\": {\"name\": \"product image\", \"object\": \"Image for Highlighter\"}}]',10,2),(70,'2025-08-01 06:11:15.481664','39','Highlighter',1,'[{\"added\": {}}, {\"added\": {\"name\": \"product image\", \"object\": \"Image for Highlighter\"}}]',10,2),(71,'2025-08-01 06:12:02.943666','40','Highlighter',1,'[{\"added\": {}}, {\"added\": {\"name\": \"product image\", \"object\": \"Image for Highlighter\"}}]',10,2),(72,'2025-08-01 06:37:21.537725','33','Stemp',2,'[{\"changed\": {\"fields\": [\"Name\"]}}]',10,2),(73,'2025-08-01 06:38:05.141496','34','Colors',2,'[{\"changed\": {\"fields\": [\"Name\"]}}]',10,2),(74,'2025-08-01 10:52:12.733344','40','Highlighter',2,'[{\"changed\": {\"fields\": [\"Image\"]}}, {\"changed\": {\"name\": \"product image\", \"object\": \"Image for Highlighter\", \"fields\": [\"Image\"]}}]',10,2),(75,'2025-08-01 10:52:52.228770','40','Highlighter',2,'[{\"changed\": {\"fields\": [\"Image\"]}}]',10,2),(76,'2025-08-01 10:53:47.304820','40','Highlighter',2,'[{\"changed\": {\"fields\": [\"Image\"]}}, {\"changed\": {\"name\": \"product image\", \"object\": \"Image for Highlighter\", \"fields\": [\"Image\"]}}]',10,2),(77,'2025-08-01 10:55:31.253665','39','Highlighter',2,'[{\"changed\": {\"fields\": [\"Image\"]}}, {\"changed\": {\"name\": \"product image\", \"object\": \"Image for Highlighter\", \"fields\": [\"Image\"]}}]',10,2),(78,'2025-08-01 10:57:18.413717','38','Highlighter',2,'[{\"changed\": {\"fields\": [\"Image\"]}}]',10,2),(79,'2025-08-01 11:12:26.069065','37','Highlighter',2,'[{\"changed\": {\"fields\": [\"Image\"]}}, {\"added\": {\"name\": \"product image\", \"object\": \"Image for Highlighter\"}}]',10,2),(80,'2025-08-01 11:13:29.814618','5','Highlighter',2,'[{\"changed\": {\"fields\": [\"Image\"]}}]',7,2),(81,'2025-08-01 11:22:10.140327','6','Geometry Box',1,'[{\"added\": {}}]',7,2),(82,'2025-08-01 11:26:39.552684','41','Truck Geometry Box',1,'[{\"added\": {}}, {\"added\": {\"name\": \"product image\", \"object\": \"Image for Truck Geometry Box\"}}]',10,2),(83,'2025-08-01 11:31:36.921893','42','Truck Geometry Box',1,'[{\"added\": {}}, {\"added\": {\"name\": \"product image\", \"object\": \"Image for Truck Geometry Box\"}}]',10,2),(84,'2025-08-01 11:55:21.939391','43','Geometry Box',1,'[{\"added\": {}}, {\"added\": {\"name\": \"product image\", \"object\": \"Image for Geometry Box\"}}]',10,2),(85,'2025-08-01 11:58:20.166769','44','Geometry Box',1,'[{\"added\": {}}, {\"added\": {\"name\": \"product image\", \"object\": \"Image for Geometry Box\"}}]',10,2),(86,'2025-08-01 11:59:30.807753','45','Geometry Box',1,'[{\"added\": {}}, {\"added\": {\"name\": \"product image\", \"object\": \"Image for Geometry Box\"}}]',10,2),(87,'2025-08-01 13:01:54.711492','9','Cute Pink Pen',2,'[{\"changed\": {\"fields\": [\"Price\"]}}]',10,2),(88,'2025-08-01 13:02:10.622676','10','Pen',2,'[{\"changed\": {\"fields\": [\"Price\"]}}]',10,2),(89,'2025-08-01 13:02:57.290602','11','pens',2,'[{\"changed\": {\"fields\": [\"Price\"]}}]',10,2),(90,'2025-08-01 13:03:41.874066','15','pens',2,'[{\"changed\": {\"fields\": [\"Price\"]}}]',10,2),(91,'2025-08-01 13:03:41.878573','14','pens',2,'[{\"changed\": {\"fields\": [\"Price\"]}}]',10,2),(92,'2025-08-01 13:03:41.882060','13','pens',2,'[{\"changed\": {\"fields\": [\"Price\"]}}]',10,2),(93,'2025-08-01 13:03:41.886234','12','pens',2,'[{\"changed\": {\"fields\": [\"Price\"]}}]',10,2),(94,'2025-08-01 13:05:16.960938','16','pens',2,'[{\"changed\": {\"fields\": [\"Price\"]}}]',10,2),(95,'2025-08-01 13:05:16.965679','15','pens',2,'[{\"changed\": {\"fields\": [\"Price\"]}}]',10,2),(96,'2025-08-01 13:06:18.462939','45','Geometry Box',2,'[{\"changed\": {\"fields\": [\"Price\"]}}]',10,2),(97,'2025-08-01 13:06:18.466651','44','Geometry Box',2,'[{\"changed\": {\"fields\": [\"Price\"]}}]',10,2),(98,'2025-08-01 13:06:18.471013','43','Geometry Box',2,'[{\"changed\": {\"fields\": [\"Price\"]}}]',10,2),(99,'2025-08-01 13:06:18.475361','42','Truck Geometry Box',2,'[{\"changed\": {\"fields\": [\"Price\"]}}]',10,2),(100,'2025-08-01 13:06:18.479034','41','Truck Geometry Box',2,'[{\"changed\": {\"fields\": [\"Price\"]}}]',10,2),(101,'2025-08-01 13:07:47.673532','40','Highlighter',2,'[{\"changed\": {\"fields\": [\"Price\"]}}]',10,2),(102,'2025-08-01 13:07:47.677403','37','Highlighter',2,'[{\"changed\": {\"fields\": [\"Price\"]}}]',10,2),(103,'2025-08-01 13:09:09.114435','36','Colors kitZ',2,'[{\"changed\": {\"fields\": [\"Price\"]}}]',10,2),(104,'2025-08-01 13:09:09.118139','35','Colors kit',2,'[{\"changed\": {\"fields\": [\"Price\"]}}]',10,2),(105,'2025-08-01 13:09:09.122498','34','Colors',2,'[{\"changed\": {\"fields\": [\"Price\"]}}]',10,2),(106,'2025-08-01 13:10:18.466681','33','Stemp',2,'[{\"changed\": {\"fields\": [\"Price\"]}}]',10,2),(107,'2025-08-01 13:13:37.250329','32','pouch',2,'[{\"changed\": {\"fields\": [\"Price\"]}}]',10,2),(108,'2025-08-01 13:13:37.254705','31','pouch',2,'[{\"changed\": {\"fields\": [\"Price\"]}}]',10,2),(109,'2025-08-01 13:13:37.258380','30','pouch',2,'[{\"changed\": {\"fields\": [\"Price\"]}}]',10,2),(110,'2025-08-01 13:13:37.263836','29','pouch',2,'[{\"changed\": {\"fields\": [\"Price\"]}}]',10,2),(111,'2025-08-01 13:13:37.268130','28','pouch',2,'[{\"changed\": {\"fields\": [\"Price\"]}}]',10,2),(112,'2025-08-01 13:13:37.271683','27','pouch',2,'[{\"changed\": {\"fields\": [\"Price\"]}}]',10,2),(113,'2025-08-01 13:13:37.275827','25','pouch',2,'[{\"changed\": {\"fields\": [\"Price\"]}}]',10,2),(114,'2025-08-01 13:13:37.279989','24','pouch',2,'[{\"changed\": {\"fields\": [\"Price\"]}}]',10,2),(115,'2025-08-01 13:17:53.770716','23','Pencil',2,'[{\"changed\": {\"fields\": [\"Price\"]}}]',10,2),(116,'2025-08-01 13:17:53.774275','22','pencil',2,'[{\"changed\": {\"fields\": [\"Price\"]}}]',10,2),(117,'2025-08-01 13:17:53.777963','21','pencil',2,'[{\"changed\": {\"fields\": [\"Price\"]}}]',10,2),(118,'2025-08-01 13:17:53.781436','20','Gun Pencil',2,'[{\"changed\": {\"fields\": [\"Price\"]}}]',10,2),(119,'2025-08-01 13:17:53.785794','19','GUN Pencils',2,'[{\"changed\": {\"fields\": [\"Price\"]}}]',10,2),(120,'2025-08-01 13:17:53.789402','18','Gun pencil',2,'[{\"changed\": {\"fields\": [\"Price\"]}}]',10,2),(121,'2025-08-01 13:17:53.793645','17','Gun Pencil',2,'[{\"changed\": {\"fields\": [\"Price\"]}}]',10,2),(122,'2025-08-01 13:28:39.884639','7','Note Books',1,'[{\"added\": {}}]',7,2),(123,'2025-08-01 13:29:57.046619','46','Note Book',1,'[{\"added\": {}}, {\"added\": {\"name\": \"product image\", \"object\": \"Image for Note Book\"}}]',10,2),(124,'2025-08-01 13:31:24.965224','47','Note Book',1,'[{\"added\": {}}, {\"added\": {\"name\": \"product image\", \"object\": \"Image for Note Book\"}}]',10,2),(125,'2025-08-01 13:34:19.678226','48','Note Book',1,'[{\"added\": {}}, {\"added\": {\"name\": \"product image\", \"object\": \"Image for Note Book\"}}]',10,2),(126,'2025-08-01 13:35:03.199345','49','Note Book',1,'[{\"added\": {}}]',10,2),(127,'2025-08-01 13:35:59.366554','50','Note Book',1,'[{\"added\": {}}, {\"added\": {\"name\": \"product image\", \"object\": \"Image for Note Book\"}}]',10,2),(128,'2025-08-01 13:40:38.420209','51','Asthetic Dairy',1,'[{\"added\": {}}, {\"added\": {\"name\": \"product image\", \"object\": \"Image for Asthetic Dairy\"}}]',10,2),(129,'2025-08-01 13:42:00.702491','52','Cute mini Dairy',1,'[{\"added\": {}}, {\"added\": {\"name\": \"product image\", \"object\": \"Image for Cute mini Dairy\"}}]',10,2),(130,'2025-08-01 13:44:56.669167','49','Note Book',3,'',10,2),(131,'2025-08-01 13:48:43.663119','52','Cute mini Dairy',2,'[{\"changed\": {\"fields\": [\"Image\"]}}, {\"changed\": {\"name\": \"product image\", \"object\": \"Image for Cute mini Dairy\", \"fields\": [\"Image\"]}}]',10,2),(132,'2025-08-01 13:51:31.800413','48','Note Book',2,'[{\"changed\": {\"fields\": [\"Image\"]}}, {\"changed\": {\"name\": \"product image\", \"object\": \"Image for Note Book\", \"fields\": [\"Image\"]}}]',10,2),(133,'2025-08-01 13:57:39.219411','52','Cute mini Dairy',2,'[{\"changed\": {\"fields\": [\"Price\"]}}]',10,2),(134,'2025-08-01 13:57:39.223946','51','Asthetic Dairy',2,'[{\"changed\": {\"fields\": [\"Price\"]}}]',10,2),(135,'2025-08-01 13:57:39.227665','50','Note Book',2,'[{\"changed\": {\"fields\": [\"Price\"]}}]',10,2),(136,'2025-08-01 13:57:39.232507','48','Note Book',2,'[{\"changed\": {\"fields\": [\"Price\"]}}]',10,2),(137,'2025-08-01 13:57:39.242189','47','Note Book',2,'[{\"changed\": {\"fields\": [\"Price\"]}}]',10,2),(138,'2025-08-01 13:57:39.246083','46','Note Book',2,'[{\"changed\": {\"fields\": [\"Price\"]}}]',10,2),(139,'2025-08-01 13:58:09.995506','50','Note Book',2,'[{\"changed\": {\"fields\": [\"Price\"]}}]',10,2),(140,'2025-08-01 13:58:53.727133','51','Asthetic Dairy',2,'[{\"changed\": {\"fields\": [\"Price\"]}}]',10,2),(141,'2025-08-01 16:48:42.219048','12','pens',2,'[{\"changed\": {\"fields\": [\"Image\"]}}, {\"added\": {\"name\": \"product image\", \"object\": \"Image for pens\"}}]',10,2),(142,'2025-08-02 03:00:35.542957','38','Highlighter',2,'[{\"changed\": {\"fields\": [\"Image\"]}}, {\"changed\": {\"name\": \"product image\", \"object\": \"Image for Highlighter\", \"fields\": [\"Image\"]}}]',10,2),(143,'2025-08-02 03:08:37.488682','8','Educational Toys',1,'[{\"added\": {}}]',7,2),(144,'2025-08-02 03:09:51.938723','8','Educational Toys',2,'[{\"changed\": {\"fields\": [\"Image\"]}}]',7,2),(145,'2025-08-02 03:10:50.423731','53','Educational Toy',1,'[{\"added\": {}}, {\"added\": {\"name\": \"product image\", \"object\": \"Image for Educational Toy\"}}]',10,2),(146,'2025-08-02 03:12:22.455826','54','Educational Toy',1,'[{\"added\": {}}, {\"added\": {\"name\": \"product image\", \"object\": \"Image for Educational Toy\"}}]',10,2),(147,'2025-08-02 03:13:48.774562','55','Educational Toy',1,'[{\"added\": {}}, {\"added\": {\"name\": \"product image\", \"object\": \"Image for Educational Toy\"}}]',10,2),(148,'2025-08-02 03:14:57.452483','56','eductionalf',1,'[{\"added\": {}}, {\"added\": {\"name\": \"product image\", \"object\": \"Image for eductionalf\"}}]',10,2),(149,'2025-08-02 03:15:42.609370','57','Educational Toy',1,'[{\"added\": {}}]',10,2),(150,'2025-08-02 03:17:28.995247','58','Educational Toy',1,'[{\"added\": {}}, {\"added\": {\"name\": \"product image\", \"object\": \"Image for Educational Toy\"}}]',10,2),(151,'2025-08-02 03:18:38.184615','59','Educational Toy',1,'[{\"added\": {}}, {\"added\": {\"name\": \"product image\", \"object\": \"Image for Educational Toy\"}}]',10,2),(152,'2025-08-02 03:24:34.082736','58','Educational Toy',2,'[{\"changed\": {\"fields\": [\"Image\"]}}, {\"changed\": {\"name\": \"product image\", \"object\": \"Image for Educational Toy\", \"fields\": [\"Image\"]}}]',10,2),(153,'2025-08-02 03:24:51.429522','57','Educational Toy',2,'[{\"changed\": {\"fields\": [\"Image\"]}}, {\"added\": {\"name\": \"product image\", \"object\": \"Image for Educational Toy\"}}]',10,2),(154,'2025-08-02 03:27:09.307060','9','Key Rings',1,'[{\"added\": {}}]',7,2),(155,'2025-08-02 03:28:28.570063','60','Tapes',1,'[{\"added\": {}}, {\"added\": {\"name\": \"product image\", \"object\": \"Image for Tapes\"}}]',10,2),(156,'2025-08-02 03:30:39.242140','61','Tapes',1,'[{\"added\": {}}, {\"added\": {\"name\": \"product image\", \"object\": \"Image for Tapes\"}}]',10,2),(157,'2025-08-02 03:31:34.463854','62','Wehshii Tapes',1,'[{\"added\": {}}, {\"added\": {\"name\": \"product image\", \"object\": \"Image for Wehshii Tapes\"}}]',10,2),(158,'2025-08-02 03:32:45.740577','63','Key Rings Digital Time',1,'[{\"added\": {}}, {\"added\": {\"name\": \"product image\", \"object\": \"Image for Key Rings Digital Time\"}}]',10,2),(159,'2025-08-02 03:34:08.972903','64','Digital Bag Locker',1,'[{\"added\": {}}, {\"added\": {\"name\": \"product image\", \"object\": \"Image for Digital Bag Locker\"}}]',10,2),(160,'2025-08-02 03:35:01.232119','65','Calculater Key Ring',1,'[{\"added\": {}}, {\"added\": {\"name\": \"product image\", \"object\": \"Image for Calculater Key Ring\"}}]',10,2),(161,'2025-08-02 03:35:44.734199','66','Caluclater Key Ring',1,'[{\"added\": {}}, {\"added\": {\"name\": \"product image\", \"object\": \"Image for Caluclater Key Ring\"}}]',10,2),(162,'2025-08-02 03:41:38.688076','10','Sticky Notes',1,'[{\"added\": {}}]',7,2),(163,'2025-08-02 03:43:50.694715','67','Soap',1,'[{\"added\": {}}, {\"added\": {\"name\": \"product image\", \"object\": \"Image for Soap\"}}]',10,2),(164,'2025-08-02 03:44:37.436426','68','Shopran',1,'[{\"added\": {}}, {\"added\": {\"name\": \"product image\", \"object\": \"Image for Shopran\"}}]',10,2),(165,'2025-08-02 03:45:29.083280','69','Sticker',1,'[{\"added\": {}}, {\"added\": {\"name\": \"product image\", \"object\": \"Image for Sticker\"}}]',10,2),(166,'2025-08-02 03:47:37.511509','70','Sticker Book',1,'[{\"added\": {}}, {\"added\": {\"name\": \"product image\", \"object\": \"Image for Sticker Book\"}}]',10,2),(167,'2025-08-02 03:48:22.913561','71','Sticker Book',1,'[{\"added\": {}}, {\"added\": {\"name\": \"product image\", \"object\": \"Image for Sticker Book\"}}]',10,2),(168,'2025-08-02 03:49:18.821450','72','Sticky Notes',1,'[{\"added\": {}}, {\"added\": {\"name\": \"product image\", \"object\": \"Image for Sticky Notes\"}}]',10,2),(169,'2025-08-02 03:57:52.145640','11','Stationary Set',1,'[{\"added\": {}}]',7,2),(170,'2025-08-02 03:59:40.295947','73','Stationary set',1,'[{\"added\": {}}, {\"added\": {\"name\": \"product image\", \"object\": \"Image for Stationary set\"}}]',10,2),(171,'2025-08-02 04:00:39.245495','74','Stationary Set',1,'[{\"added\": {}}, {\"added\": {\"name\": \"product image\", \"object\": \"Image for Stationary Set\"}}]',10,2),(172,'2025-08-02 04:01:47.031259','75','Stationary Set',1,'[{\"added\": {}}, {\"added\": {\"name\": \"product image\", \"object\": \"Image for Stationary Set\"}}]',10,2),(173,'2025-08-02 04:04:24.294804','76','Stationary Set',1,'[{\"added\": {}}]',10,2),(174,'2025-08-02 04:05:46.339882','76','Stationary Set',2,'[{\"changed\": {\"fields\": [\"Image\"]}}, {\"added\": {\"name\": \"product image\", \"object\": \"Image for Stationary Set\"}}]',10,2),(175,'2025-08-02 04:08:22.610494','77','Eraser Set',1,'[{\"added\": {}}, {\"added\": {\"name\": \"product image\", \"object\": \"Image for Eraser Set\"}}]',10,2),(176,'2025-08-02 04:10:39.671256','78','Eraser Set',1,'[{\"added\": {}}, {\"added\": {\"name\": \"product image\", \"object\": \"Image for Eraser Set\"}}]',10,2),(177,'2025-08-02 04:17:08.347097','12','Kids special',1,'[{\"added\": {}}]',7,2),(178,'2025-08-02 04:25:04.801697','12','Kids special',3,'',7,2),(179,'2025-08-02 06:31:03.685022','13','Kids special',1,'[{\"added\": {}}]',7,2),(180,'2025-08-02 06:34:16.035328','79','Locker',1,'[{\"added\": {}}, {\"added\": {\"name\": \"product image\", \"object\": \"Image for Locker\"}}]',10,2),(181,'2025-08-02 06:35:57.540433','80','Lamp',1,'[{\"added\": {}}, {\"added\": {\"name\": \"product image\", \"object\": \"Image for Lamp\"}}]',10,2),(182,'2025-08-02 06:37:40.405584','81','lam',1,'[{\"added\": {}}, {\"added\": {\"name\": \"product image\", \"object\": \"Image for lam\"}}]',10,2),(183,'2025-08-02 06:39:29.955982','82','Bird',1,'[{\"added\": {}}, {\"added\": {\"name\": \"product image\", \"object\": \"Image for Bird\"}}]',10,2),(184,'2025-08-02 06:40:30.776468','83','ATM Locker',1,'[{\"added\": {}}, {\"added\": {\"name\": \"product image\", \"object\": \"Image for ATM Locker\"}}]',10,2),(185,'2025-08-02 07:19:28.017891','83','Electric Coin Box',2,'[{\"changed\": {\"fields\": [\"Name\", \"Price\"]}}]',10,2),(186,'2025-08-02 07:21:58.303977','81','Table Lamp Camera',2,'[{\"changed\": {\"fields\": [\"Name\", \"Price\"]}}]',10,2),(187,'2025-08-02 07:24:45.385985','80','Table Lamp Train',2,'[{\"changed\": {\"fields\": [\"Name\", \"Price\"]}}]',10,2),(188,'2025-08-02 07:26:59.185408','79','Coin Box House',2,'[{\"changed\": {\"fields\": [\"Name\"]}}]',10,2),(189,'2025-08-02 07:32:05.645111','82','Table Lamp Duck',2,'[{\"changed\": {\"fields\": [\"Name\"]}}]',10,2),(190,'2025-08-02 07:34:02.832562','64','Coded Bag Lock',2,'[{\"changed\": {\"fields\": [\"Name\", \"Price\"]}}]',10,2),(191,'2025-08-02 07:52:10.724857','59','Educational Toy',2,'[{\"changed\": {\"fields\": [\"Price\"]}}]',10,2),(192,'2025-08-02 07:53:11.377770','58','Wooden Alphabet Board',2,'[{\"changed\": {\"fields\": [\"Name\", \"Price\"]}}]',10,2),(193,'2025-08-02 07:54:41.335800','57','Wooden Numbering Board',2,'[{\"changed\": {\"fields\": [\"Name\"]}}]',10,2),(194,'2025-08-02 07:55:44.605823','56','Wooden Toy Shapes',2,'[{\"changed\": {\"fields\": [\"Name\"]}}]',10,2),(195,'2025-08-02 07:56:43.315456','55','Wooden Toy Shape Block',2,'[{\"changed\": {\"fields\": [\"Name\", \"Price\"]}}]',10,2),(196,'2025-08-02 07:57:34.787245','54','Wooden Toy Puzzal Board',2,'[{\"changed\": {\"fields\": [\"Name\"]}}]',10,2),(197,'2025-08-02 07:58:01.499679','53','Wooden Toy Shapes',2,'[{\"changed\": {\"fields\": [\"Name\"]}}]',10,2),(198,'2025-08-02 07:59:09.616453','61','Cute Tapes',2,'[{\"changed\": {\"fields\": [\"Name\"]}}]',10,2),(199,'2025-08-02 08:00:10.956149','60','Asthetic Tapes',2,'[{\"changed\": {\"fields\": [\"Name\", \"Slug\"]}}]',10,2),(200,'2025-08-02 08:03:40.644436','68','Sharpener',2,'[{\"changed\": {\"fields\": [\"Name\"]}}]',10,2),(201,'2025-08-02 08:05:56.219106','72','Sticky Notes',2,'[{\"changed\": {\"fields\": [\"Price\"]}}]',10,2),(202,'2025-08-02 08:05:56.223516','70','Sticker Book',2,'[{\"changed\": {\"fields\": [\"Price\"]}}]',10,2),(203,'2025-08-02 08:05:56.227178','69','Sticker',2,'[{\"changed\": {\"fields\": [\"Price\"]}}]',10,2),(204,'2025-08-02 08:07:38.210150','63','Key Rings Digital Time',2,'[{\"changed\": {\"fields\": [\"Price\"]}}]',10,2),(205,'2025-08-02 08:07:38.213626','62','Wehshii Tapes',2,'[{\"changed\": {\"fields\": [\"Price\"]}}]',10,2),(206,'2025-08-02 08:07:38.217337','61','Cute Tapes',2,'[{\"changed\": {\"fields\": [\"Price\"]}}]',10,2),(207,'2025-08-02 08:07:38.221244','60','Asthetic Tapes',2,'[{\"changed\": {\"fields\": [\"Price\"]}}]',10,2),(208,'2025-08-02 08:15:58.575889','4','Order ZQDH6FCN - Zubair Ali',2,'[{\"changed\": {\"fields\": [\"Status\"]}}]',9,2),(209,'2025-08-02 08:16:29.573330','4','Order ZQDH6FCN - Zubair Ali',2,'[{\"changed\": {\"fields\": [\"Status\"]}}]',9,2),(210,'2025-08-02 08:20:08.533458','4','Order ZQDH6FCN - Zubair Ali',2,'[{\"changed\": {\"fields\": [\"Status\"]}}]',9,2),(211,'2025-08-02 11:16:27.529034','5','Order PSD4PTU5 - Zubair Ali',2,'[{\"changed\": {\"fields\": [\"Status\"]}}]',9,2),(212,'2025-08-02 16:30:37.075270','5','Order PSD4PTU5 - Zubair Ali',3,'',9,1),(213,'2025-08-02 16:30:37.075270','4','Order ZQDH6FCN - Zubair Ali',3,'',9,1),(214,'2025-08-02 16:30:37.075270','3','Order KKAYK8HV - Muhammad Zeeshan',3,'',9,1),(215,'2025-08-02 16:30:37.075270','2','Order 0ZNB9M3X - Zubair',3,'',9,1),(216,'2025-08-02 16:30:37.075270','1','Order MJK0JVW5 - Zubair',3,'',9,1),(217,'2025-08-02 16:53:39.999567','84','Premium Pen',1,'[{\"added\": {}}]',10,1),(218,'2025-08-03 02:10:47.705993','46','Note Book',2,'[{\"changed\": {\"fields\": [\"Image\"]}}, {\"changed\": {\"name\": \"product image\", \"object\": \"Image for Note Book\", \"fields\": [\"Image\"]}}]',10,2),(219,'2025-08-03 02:12:34.986564','31','pouch',2,'[{\"changed\": {\"fields\": [\"Image\"]}}, {\"changed\": {\"name\": \"product image\", \"object\": \"Image for pouch\", \"fields\": [\"Image\"]}}]',10,2),(220,'2025-08-03 02:17:05.364977','36','Colors kitZ',2,'[{\"changed\": {\"fields\": [\"Image\"]}}, {\"changed\": {\"name\": \"product image\", \"object\": \"Image for Colors kitZ\", \"fields\": [\"Image\"]}}]',10,2),(221,'2025-08-03 02:19:11.046847','56','Wooden Toy Shapes',2,'[{\"changed\": {\"fields\": [\"Image\"]}}, {\"changed\": {\"name\": \"product image\", \"object\": \"Image for Wooden Toy Shapes\", \"fields\": [\"Image\"]}}]',10,2),(222,'2025-08-03 10:13:40.484632','4','Cart (wew35tdsgdf)',3,'',8,2),(223,'2025-08-03 10:13:40.484671','3','Cart (Zubair Ali)',3,'',8,2),(224,'2025-08-03 10:13:40.484688','2','Cart (admin@scribi-store)',3,'',8,2),(225,'2025-08-03 10:13:40.484703','1','Cart (Zeeshan)',3,'',8,2),(226,'2025-08-04 05:49:29.779055','32','pouch',2,'[{\"changed\": {\"fields\": [\"Image\"]}}, {\"changed\": {\"name\": \"product image\", \"object\": \"Image for pouch\", \"fields\": [\"Image\"]}}]',10,2),(227,'2025-08-04 05:53:06.775361','30','pouch',2,'[{\"changed\": {\"fields\": [\"Image\"]}}, {\"changed\": {\"name\": \"product image\", \"object\": \"Image for pouch\", \"fields\": [\"Image\"]}}]',10,2),(228,'2025-08-04 06:00:34.416214','32','pouch',2,'[{\"changed\": {\"fields\": [\"Image\"]}}, {\"added\": {\"name\": \"product image\", \"object\": \"Image for pouch\"}}]',10,2),(229,'2025-08-04 06:01:16.082207','31','pouch',2,'[{\"changed\": {\"fields\": [\"Image\"]}}, {\"changed\": {\"name\": \"product image\", \"object\": \"Image for pouch\", \"fields\": [\"Image\"]}}]',10,2),(230,'2025-08-04 06:01:48.141064','30','pouch',2,'[{\"changed\": {\"fields\": [\"Image\"]}}, {\"changed\": {\"name\": \"product image\", \"object\": \"Image for pouch\", \"fields\": [\"Image\"]}}]',10,2),(231,'2025-08-04 06:03:06.702015','29','pouch',2,'[{\"changed\": {\"fields\": [\"Image\"]}}, {\"changed\": {\"name\": \"product image\", \"object\": \"Image for pouch\", \"fields\": [\"Image\"]}}]',10,2),(232,'2025-08-04 06:04:06.653692','28','pouch',2,'[{\"changed\": {\"fields\": [\"Image\"]}}, {\"changed\": {\"name\": \"product image\", \"object\": \"Image for pouch\", \"fields\": [\"Image\"]}}]',10,2),(233,'2025-08-04 06:04:46.090787','27','pouch',2,'[{\"changed\": {\"fields\": [\"Image\"]}}, {\"changed\": {\"name\": \"product image\", \"object\": \"Image for pouch\", \"fields\": [\"Image\"]}}]',10,2),(234,'2025-08-04 06:05:31.070122','25','pouch',2,'[{\"changed\": {\"fields\": [\"Image\"]}}, {\"changed\": {\"name\": \"product image\", \"object\": \"Image for pouch\", \"fields\": [\"Image\"]}}]',10,2),(235,'2025-08-04 06:06:15.759528','24','pouch',2,'[{\"changed\": {\"fields\": [\"Image\"]}}, {\"changed\": {\"name\": \"product image\", \"object\": \"Image for pouch\", \"fields\": [\"Image\"]}}]',10,2),(236,'2025-08-04 06:06:43.680139','4','POUCH',2,'[{\"changed\": {\"fields\": [\"Image\"]}}]',7,2),(237,'2025-08-04 06:14:45.250967','4','POUCH',2,'[{\"changed\": {\"fields\": [\"Image\"]}}]',7,2),(238,'2025-08-04 06:32:53.439713','17','Gun Pencil',2,'[{\"changed\": {\"fields\": [\"Image\"]}}, {\"changed\": {\"name\": \"product image\", \"object\": \"Image for Gun Pencil\", \"fields\": [\"Image\"]}}]',10,2),(239,'2025-08-04 06:33:39.133705','18','Gun pencil',2,'[{\"changed\": {\"fields\": [\"Image\"]}}, {\"changed\": {\"name\": \"product image\", \"object\": \"Image for Gun pencil\", \"fields\": [\"Image\"]}}]',10,2),(240,'2025-08-04 06:34:19.594326','19','GUN Pencils',2,'[{\"changed\": {\"fields\": [\"Image\"]}}, {\"changed\": {\"name\": \"product image\", \"object\": \"Image for GUN Pencils\", \"fields\": [\"Image\"]}}]',10,2),(241,'2025-08-04 06:35:20.903962','20','Gun Pencil',2,'[{\"changed\": {\"fields\": [\"Image\"]}}, {\"changed\": {\"name\": \"product image\", \"object\": \"Image for Gun Pencil\", \"fields\": [\"Image\"]}}]',10,2),(242,'2025-08-04 06:36:12.346442','21','pencil',2,'[{\"changed\": {\"fields\": [\"Image\"]}}, {\"changed\": {\"name\": \"product image\", \"object\": \"Image for pencil\", \"fields\": [\"Image\"]}}]',10,2),(243,'2025-08-04 06:36:59.009930','22','pencil',2,'[{\"changed\": {\"fields\": [\"Image\"]}}, {\"changed\": {\"name\": \"product image\", \"object\": \"Image for pencil\", \"fields\": [\"Image\"]}}]',10,2),(244,'2025-08-04 06:37:27.303727','23','Pencil',2,'[{\"changed\": {\"fields\": [\"Image\"]}}, {\"changed\": {\"name\": \"product image\", \"object\": \"Image for Pencil\", \"fields\": [\"Image\"]}}]',10,2),(245,'2025-08-04 06:41:57.368991','1','Pencils',2,'[{\"changed\": {\"fields\": [\"Image\"]}}]',7,2),(246,'2025-08-04 06:44:18.185792','16','pens',2,'[{\"changed\": {\"fields\": [\"Image\"]}}, {\"changed\": {\"name\": \"product image\", \"object\": \"Image for pens\", \"fields\": [\"Image\"]}}]',10,2),(247,'2025-08-04 06:45:13.596020','15','pens',2,'[{\"changed\": {\"fields\": [\"Image\"]}}, {\"changed\": {\"name\": \"product image\", \"object\": \"Image for pens\", \"fields\": [\"Image\"]}}]',10,2),(248,'2025-08-04 06:46:02.090645','84','Premium Pen',2,'[{\"changed\": {\"fields\": [\"Image\"]}}, {\"added\": {\"name\": \"product image\", \"object\": \"Image for Premium Pen\"}}]',10,2),(249,'2025-08-04 06:47:07.726038','14','pens',2,'[{\"changed\": {\"fields\": [\"Image\"]}}, {\"changed\": {\"name\": \"product image\", \"object\": \"Image for pens\", \"fields\": [\"Image\"]}}]',10,2),(250,'2025-08-04 06:47:56.158779','13','pens',2,'[{\"changed\": {\"fields\": [\"Image\"]}}, {\"changed\": {\"name\": \"product image\", \"object\": \"Image for pens\", \"fields\": [\"Image\"]}}]',10,2),(251,'2025-08-04 06:53:43.652778','12','pens',2,'[{\"changed\": {\"fields\": [\"Image\"]}}, {\"changed\": {\"name\": \"product image\", \"object\": \"Image for pens\", \"fields\": [\"Image\"]}}]',10,2),(252,'2025-08-04 06:54:03.759962','11','pens',3,'',10,2),(253,'2025-08-04 06:54:03.759998','10','Pen',3,'',10,2),(254,'2025-08-04 06:54:03.760015','9','Cute Pink Pen',3,'',10,2),(255,'2025-08-04 06:59:02.575063','3','pens',2,'[{\"changed\": {\"fields\": [\"Image\"]}}]',7,2),(256,'2025-08-04 07:02:35.149814','3','pens',2,'[{\"changed\": {\"fields\": [\"Image\"]}}]',7,2),(257,'2025-08-04 07:03:53.057505','40','Highlighter',2,'[{\"changed\": {\"fields\": [\"Image\"]}}, {\"changed\": {\"name\": \"product image\", \"object\": \"Image for Highlighter\", \"fields\": [\"Image\"]}}]',10,2),(258,'2025-08-04 07:04:48.338820','39','Highlighter',2,'[{\"changed\": {\"fields\": [\"Image\"]}}, {\"changed\": {\"name\": \"product image\", \"object\": \"Image for Highlighter\", \"fields\": [\"Image\"]}}]',10,2),(259,'2025-08-04 07:05:31.930901','37','Highlighter',2,'[{\"changed\": {\"fields\": [\"Image\"]}}, {\"changed\": {\"name\": \"product image\", \"object\": \"Image for Highlighter\", \"fields\": [\"Image\"]}}]',10,2),(260,'2025-08-04 07:05:33.509986','37','Highlighter',2,'[{\"changed\": {\"fields\": [\"Image\"]}}, {\"changed\": {\"name\": \"product image\", \"object\": \"Image for Highlighter\", \"fields\": [\"Image\"]}}]',10,2),(261,'2025-08-04 07:13:19.340182','38','Highlighter',2,'[{\"changed\": {\"fields\": [\"Image\"]}}, {\"changed\": {\"name\": \"product image\", \"object\": \"Image for Highlighter\", \"fields\": [\"Image\"]}}]',10,2),(262,'2025-08-04 07:14:11.470523','36','Colors kitZ',2,'[{\"changed\": {\"fields\": [\"Image\"]}}, {\"changed\": {\"name\": \"product image\", \"object\": \"Image for Colors kitZ\", \"fields\": [\"Image\"]}}]',10,2),(263,'2025-08-04 07:14:43.992695','35','Colors kit',2,'[{\"changed\": {\"fields\": [\"Image\"]}}, {\"changed\": {\"name\": \"product image\", \"object\": \"Image for Colors kit\", \"fields\": [\"Image\"]}}]',10,2),(264,'2025-08-04 07:15:22.934864','34','Colors',2,'[{\"changed\": {\"fields\": [\"Image\"]}}, {\"changed\": {\"name\": \"product image\", \"object\": \"Image for Colors\", \"fields\": [\"Image\"]}}]',10,2),(265,'2025-08-04 07:19:58.858902','5','Highlighter',2,'[{\"changed\": {\"fields\": [\"Image\"]}}]',7,2),(266,'2025-08-04 07:23:24.789085','33','Stemp',2,'[{\"changed\": {\"fields\": [\"Image\"]}}, {\"changed\": {\"name\": \"product image\", \"object\": \"Image for Stemp\", \"fields\": [\"Image\"]}}]',10,2),(267,'2025-08-04 07:26:08.761995','41','Truck Geometry Box',2,'[{\"changed\": {\"fields\": [\"Image\"]}}, {\"changed\": {\"name\": \"product image\", \"object\": \"Image for Truck Geometry Box\", \"fields\": [\"Image\"]}}]',10,2),(268,'2025-08-04 07:26:46.712277','42','Truck Geometry Box',2,'[{\"changed\": {\"fields\": [\"Image\"]}}, {\"changed\": {\"name\": \"product image\", \"object\": \"Image for Truck Geometry Box\", \"fields\": [\"Image\"]}}]',10,2),(269,'2025-08-04 07:28:53.711738','43','Geometry Box',2,'[{\"changed\": {\"fields\": [\"Image\"]}}, {\"changed\": {\"name\": \"product image\", \"object\": \"Image for Geometry Box\", \"fields\": [\"Image\"]}}]',10,2),(270,'2025-08-04 07:29:19.267411','44','Geometry Box',2,'[{\"changed\": {\"fields\": [\"Image\"]}}, {\"changed\": {\"name\": \"product image\", \"object\": \"Image for Geometry Box\", \"fields\": [\"Image\"]}}]',10,2),(271,'2025-08-04 07:30:35.321790','6','Geometry Box',2,'[{\"changed\": {\"fields\": [\"Image\"]}}]',7,2),(272,'2025-08-04 07:34:47.685670','6','Geometry Box',2,'[{\"changed\": {\"fields\": [\"Image\"]}}]',7,2),(273,'2025-08-04 07:35:49.660078','47','Note Book',2,'[{\"changed\": {\"fields\": [\"Image\"]}}, {\"changed\": {\"name\": \"product image\", \"object\": \"Image for Note Book\", \"fields\": [\"Image\"]}}]',10,2),(274,'2025-08-04 07:45:00.944152','6','Geometry Box',2,'[{\"changed\": {\"fields\": [\"Image\"]}}]',7,2),(275,'2025-08-04 07:49:52.693026','7','Note Books',2,'[{\"changed\": {\"fields\": [\"Image\"]}}]',7,2),(276,'2025-08-04 07:51:03.278667','6','Geometry Box',2,'[{\"changed\": {\"fields\": [\"Image\"]}}]',7,2),(277,'2025-08-04 07:52:17.621025','52','Cute mini Dairy',2,'[{\"changed\": {\"fields\": [\"Image\"]}}, {\"changed\": {\"name\": \"product image\", \"object\": \"Image for Cute mini Dairy\", \"fields\": [\"Image\"]}}]',10,2),(278,'2025-08-04 07:52:57.675837','51','Asthetic Dairy',2,'[{\"changed\": {\"fields\": [\"Image\"]}}, {\"changed\": {\"name\": \"product image\", \"object\": \"Image for Asthetic Dairy\", \"fields\": [\"Image\"]}}]',10,2),(279,'2025-08-04 07:54:04.411032','50','Note Book',2,'[{\"changed\": {\"fields\": [\"Image\"]}}, {\"changed\": {\"name\": \"product image\", \"object\": \"Image for Note Book\", \"fields\": [\"Image\"]}}]',10,2),(280,'2025-08-04 07:55:35.244345','48','Note Book',3,'',10,2),(281,'2025-08-04 07:56:14.275158','8','Educational Toys',2,'[{\"changed\": {\"fields\": [\"Image\"]}}]',7,2),(282,'2025-08-04 07:57:17.565567','59','Educational Toy',2,'[{\"changed\": {\"fields\": [\"Image\"]}}, {\"changed\": {\"name\": \"product image\", \"object\": \"Image for Educational Toy\", \"fields\": [\"Image\"]}}]',10,2),(283,'2025-08-04 07:58:04.809421','58','Wooden Alphabet Board',2,'[{\"changed\": {\"fields\": [\"Image\"]}}, {\"changed\": {\"name\": \"product image\", \"object\": \"Image for Wooden Alphabet Board\", \"fields\": [\"Image\"]}}]',10,2),(284,'2025-08-04 07:58:26.719937','57','Wooden Numbering Board',2,'[{\"changed\": {\"fields\": [\"Image\"]}}, {\"changed\": {\"name\": \"product image\", \"object\": \"Image for Wooden Numbering Board\", \"fields\": [\"Image\"]}}]',10,2),(285,'2025-08-04 07:59:15.414471','55','Wooden Toy Shape Block',2,'[{\"changed\": {\"fields\": [\"Image\"]}}, {\"changed\": {\"name\": \"product image\", \"object\": \"Image for Wooden Toy Shape Block\", \"fields\": [\"Image\"]}}]',10,2),(286,'2025-08-04 07:59:42.518693','54','Wooden Toy Puzzal Board',2,'[{\"changed\": {\"fields\": [\"Image\"]}}, {\"changed\": {\"name\": \"product image\", \"object\": \"Image for Wooden Toy Puzzal Board\", \"fields\": [\"Image\"]}}]',10,2),(287,'2025-08-04 08:04:38.274828','53','Wooden Toy Shapes',2,'[{\"changed\": {\"fields\": [\"Image\"]}}, {\"changed\": {\"name\": \"product image\", \"object\": \"Image for Wooden Toy Shapes\", \"fields\": [\"Image\"]}}]',10,2),(288,'2025-08-04 08:07:36.922623','66','Caluclater Key Ring',2,'[{\"changed\": {\"fields\": [\"Image\"]}}, {\"changed\": {\"name\": \"product image\", \"object\": \"Image for Caluclater Key Ring\", \"fields\": [\"Image\"]}}]',10,2),(289,'2025-08-04 08:08:00.237750','65','Calculater Key Ring',2,'[{\"changed\": {\"fields\": [\"Image\"]}}, {\"changed\": {\"name\": \"product image\", \"object\": \"Image for Calculater Key Ring\", \"fields\": [\"Image\"]}}]',10,2),(290,'2025-08-04 08:08:36.015547','64','Coded Bag Lock',2,'[{\"changed\": {\"fields\": [\"Image\"]}}, {\"changed\": {\"name\": \"product image\", \"object\": \"Image for Coded Bag Lock\", \"fields\": [\"Image\"]}}]',10,2),(291,'2025-08-04 08:09:04.421423','63','Key Rings Digital Time',2,'[{\"changed\": {\"fields\": [\"Image\"]}}, {\"changed\": {\"name\": \"product image\", \"object\": \"Image for Key Rings Digital Time\", \"fields\": [\"Image\"]}}]',10,2),(292,'2025-08-04 08:09:33.383554','62','Wehshii Tapes',2,'[{\"changed\": {\"fields\": [\"Image\"]}}, {\"changed\": {\"name\": \"product image\", \"object\": \"Image for Wehshii Tapes\", \"fields\": [\"Image\"]}}]',10,2),(293,'2025-08-04 08:10:19.775682','61','Cute Tapes',2,'[{\"changed\": {\"fields\": [\"Image\"]}}, {\"changed\": {\"name\": \"product image\", \"object\": \"Image for Cute Tapes\", \"fields\": [\"Image\"]}}]',10,2),(294,'2025-08-04 08:11:03.779491','60','Asthetic Tapes',2,'[{\"changed\": {\"fields\": [\"Image\", \"Price\"]}}, {\"changed\": {\"name\": \"product image\", \"object\": \"Image for Asthetic Tapes\", \"fields\": [\"Image\"]}}]',10,2),(295,'2025-08-04 08:11:42.608395','9','Key Rings',2,'[{\"changed\": {\"fields\": [\"Image\"]}}]',7,2),(296,'2025-08-04 08:12:20.252357','67','Soap',2,'[{\"changed\": {\"fields\": [\"Image\"]}}, {\"changed\": {\"name\": \"product image\", \"object\": \"Image for Soap\", \"fields\": [\"Image\"]}}]',10,2),(297,'2025-08-04 08:12:39.330741','68','Sharpener',2,'[{\"changed\": {\"fields\": [\"Image\"]}}, {\"changed\": {\"name\": \"product image\", \"object\": \"Image for Sharpener\", \"fields\": [\"Image\"]}}]',10,2),(298,'2025-08-04 08:13:03.403906','69','Sticker',2,'[{\"changed\": {\"fields\": [\"Image\"]}}, {\"changed\": {\"name\": \"product image\", \"object\": \"Image for Sticker\", \"fields\": [\"Image\"]}}]',10,2),(299,'2025-08-04 08:15:08.900236','72','Sticky Notes',2,'[{\"changed\": {\"fields\": [\"Image\"]}}, {\"changed\": {\"name\": \"product image\", \"object\": \"Image for Sticky Notes\", \"fields\": [\"Image\"]}}]',10,2),(300,'2025-08-04 08:15:46.121268','71','Sticker Book',3,'',10,2),(301,'2025-08-04 08:16:18.378159','10','Sticky Notes',2,'[{\"changed\": {\"fields\": [\"Image\"]}}]',7,2),(302,'2025-08-04 08:17:05.578973','78','Eraser Set',2,'[{\"changed\": {\"fields\": [\"Image\"]}}, {\"changed\": {\"name\": \"product image\", \"object\": \"Image for Eraser Set\", \"fields\": [\"Image\"]}}]',10,2),(303,'2025-08-04 08:17:21.940085','77','Eraser Set',2,'[{\"changed\": {\"fields\": [\"Image\"]}}, {\"changed\": {\"name\": \"product image\", \"object\": \"Image for Eraser Set\", \"fields\": [\"Image\"]}}]',10,2),(304,'2025-08-04 08:18:17.545539','76','Stationary Set',2,'[{\"changed\": {\"fields\": [\"Image\"]}}, {\"changed\": {\"name\": \"product image\", \"object\": \"Image for Stationary Set\", \"fields\": [\"Image\"]}}]',10,2),(305,'2025-08-04 08:19:56.862921','70','Sticker Book',2,'[{\"changed\": {\"fields\": [\"Image\"]}}, {\"changed\": {\"name\": \"product image\", \"object\": \"Image for Sticker Book\", \"fields\": [\"Image\"]}}]',10,2),(306,'2025-08-04 08:21:38.336691','11','Stationary Set',2,'[{\"changed\": {\"fields\": [\"Image\"]}}]',7,2),(307,'2025-08-04 08:27:32.012137','74','Stationary Set',3,'',10,2),(308,'2025-08-04 08:27:32.012172','73','Stationary set',3,'',10,2),(309,'2025-08-04 08:28:21.821298','82','Table Lamp Duck',2,'[{\"changed\": {\"fields\": [\"Image\"]}}, {\"changed\": {\"name\": \"product image\", \"object\": \"Image for Table Lamp Duck\", \"fields\": [\"Image\"]}}]',10,2),(310,'2025-08-04 08:28:45.392046','81','Table Lamp Camera',2,'[{\"changed\": {\"fields\": [\"Image\"]}}, {\"changed\": {\"name\": \"product image\", \"object\": \"Image for Table Lamp Camera\", \"fields\": [\"Image\"]}}]',10,2),(311,'2025-08-04 08:29:17.175232','80','Table Lamp Train',2,'[{\"changed\": {\"fields\": [\"Image\"]}}, {\"changed\": {\"name\": \"product image\", \"object\": \"Image for Table Lamp Train\", \"fields\": [\"Image\"]}}]',10,2),(312,'2025-08-04 08:29:34.981462','79','Coin Box House',2,'[{\"changed\": {\"fields\": [\"Image\"]}}, {\"changed\": {\"name\": \"product image\", \"object\": \"Image for Coin Box House\", \"fields\": [\"Image\"]}}]',10,2),(313,'2025-08-04 08:29:36.709667','79','Coin Box House',2,'[{\"changed\": {\"fields\": [\"Image\"]}}, {\"changed\": {\"name\": \"product image\", \"object\": \"Image for Coin Box House\", \"fields\": [\"Image\"]}}]',10,2),(314,'2025-08-04 11:14:50.130461','84','Premium Pen',2,'[{\"changed\": {\"fields\": [\"Stock\", \"Discount percentage\"]}}]',10,2),(315,'2025-08-04 11:14:50.135461','83','Electric Coin Box',2,'[{\"changed\": {\"fields\": [\"Stock\", \"Discount percentage\"]}}]',10,2),(316,'2025-08-04 11:14:50.139523','82','Table Lamp Duck',2,'[{\"changed\": {\"fields\": [\"Stock\", \"Discount percentage\"]}}]',10,2),(317,'2025-08-04 11:14:50.143422','81','Table Lamp Camera',2,'[{\"changed\": {\"fields\": [\"Stock\", \"Discount percentage\"]}}]',10,2),(318,'2025-08-04 11:14:50.147600','80','Table Lamp Train',2,'[{\"changed\": {\"fields\": [\"Stock\", \"Discount percentage\"]}}]',10,2),(319,'2025-08-04 11:14:50.151473','79','Coin Box House',2,'[{\"changed\": {\"fields\": [\"Stock\", \"Discount percentage\"]}}]',10,2),(320,'2025-08-04 11:14:50.155166','78','Eraser Set',2,'[{\"changed\": {\"fields\": [\"Stock\", \"Discount percentage\"]}}]',10,2),(321,'2025-08-04 11:14:50.158969','77','Eraser Set',2,'[{\"changed\": {\"fields\": [\"Stock\", \"Discount percentage\"]}}]',10,2),(322,'2025-08-04 11:14:50.162602','76','Stationary Set',2,'[{\"changed\": {\"fields\": [\"Stock\", \"Discount percentage\"]}}]',10,2),(323,'2025-08-04 11:14:50.166699','75','Stationary Set',2,'[{\"changed\": {\"fields\": [\"Stock\", \"Discount percentage\"]}}]',10,2),(324,'2025-08-04 11:14:50.170547','72','Sticky Notes',2,'[{\"changed\": {\"fields\": [\"Stock\", \"Discount percentage\"]}}]',10,2),(325,'2025-08-04 11:14:50.174503','70','Sticker Book',2,'[{\"changed\": {\"fields\": [\"Stock\", \"Discount percentage\"]}}]',10,2),(326,'2025-08-04 11:14:50.178306','69','Sticker',2,'[{\"changed\": {\"fields\": [\"Stock\", \"Discount percentage\"]}}]',10,2),(327,'2025-08-04 11:14:50.182065','68','Sharpener',2,'[{\"changed\": {\"fields\": [\"Stock\", \"Discount percentage\"]}}]',10,2),(328,'2025-08-04 11:14:50.185935','67','Soap',2,'[{\"changed\": {\"fields\": [\"Stock\", \"Discount percentage\"]}}]',10,2),(329,'2025-08-04 11:14:50.189585','66','Caluclater Key Ring',2,'[{\"changed\": {\"fields\": [\"Stock\", \"Discount percentage\"]}}]',10,2),(330,'2025-08-04 11:14:50.193144','65','Calculater Key Ring',2,'[{\"changed\": {\"fields\": [\"Stock\", \"Discount percentage\"]}}]',10,2),(331,'2025-08-04 11:14:50.196872','64','Coded Bag Lock',2,'[{\"changed\": {\"fields\": [\"Stock\", \"Discount percentage\"]}}]',10,2),(332,'2025-08-04 11:14:50.201079','63','Key Rings Digital Time',2,'[{\"changed\": {\"fields\": [\"Stock\", \"Discount percentage\"]}}]',10,2),(333,'2025-08-04 11:14:50.204740','62','Wehshii Tapes',2,'[{\"changed\": {\"fields\": [\"Stock\", \"Discount percentage\"]}}]',10,2),(334,'2025-08-04 11:14:50.208590','61','Cute Tapes',2,'[{\"changed\": {\"fields\": [\"Stock\", \"Discount percentage\"]}}]',10,2),(335,'2025-08-04 11:14:50.212569','60','Asthetic Tapes',2,'[{\"changed\": {\"fields\": [\"Stock\", \"Discount percentage\"]}}]',10,2),(336,'2025-08-04 11:14:50.216526','59','Educational Toy',2,'[{\"changed\": {\"fields\": [\"Stock\", \"Discount percentage\"]}}]',10,2),(337,'2025-08-04 11:14:50.221337','58','Wooden Alphabet Board',2,'[{\"changed\": {\"fields\": [\"Stock\", \"Discount percentage\"]}}]',10,2),(338,'2025-08-04 11:14:50.225173','57','Wooden Numbering Board',2,'[{\"changed\": {\"fields\": [\"Stock\", \"Discount percentage\"]}}]',10,2),(339,'2025-08-04 11:14:50.229103','56','Wooden Toy Shapes',2,'[{\"changed\": {\"fields\": [\"Stock\", \"Discount percentage\"]}}]',10,2),(340,'2025-08-04 11:14:50.232784','55','Wooden Toy Shape Block',2,'[{\"changed\": {\"fields\": [\"Stock\", \"Discount percentage\"]}}]',10,2),(341,'2025-08-04 11:14:50.236555','54','Wooden Toy Puzzal Board',2,'[{\"changed\": {\"fields\": [\"Stock\", \"Discount percentage\"]}}]',10,2),(342,'2025-08-04 11:14:50.240326','53','Wooden Toy Shapes',2,'[{\"changed\": {\"fields\": [\"Stock\", \"Discount percentage\"]}}]',10,2),(343,'2025-08-04 11:14:50.244142','52','Cute mini Dairy',2,'[{\"changed\": {\"fields\": [\"Stock\", \"Discount percentage\"]}}]',10,2),(344,'2025-08-04 11:14:50.247852','51','Asthetic Dairy',2,'[{\"changed\": {\"fields\": [\"Stock\", \"Discount percentage\"]}}]',10,2),(345,'2025-08-04 11:14:50.251444','50','Note Book',2,'[{\"changed\": {\"fields\": [\"Stock\", \"Discount percentage\"]}}]',10,2),(346,'2025-08-04 11:14:50.255152','47','Note Book',2,'[{\"changed\": {\"fields\": [\"Stock\", \"Discount percentage\"]}}]',10,2),(347,'2025-08-04 11:14:50.258793','46','Note Book',2,'[{\"changed\": {\"fields\": [\"Stock\", \"Discount percentage\"]}}]',10,2),(348,'2025-08-04 11:14:50.262486','45','Geometry Box',2,'[{\"changed\": {\"fields\": [\"Stock\", \"Discount percentage\"]}}]',10,2),(349,'2025-08-04 11:14:50.266101','44','Geometry Box',2,'[{\"changed\": {\"fields\": [\"Discount percentage\"]}}]',10,2),(350,'2025-08-04 11:14:50.269683','43','Geometry Box',2,'[{\"changed\": {\"fields\": [\"Stock\", \"Discount percentage\"]}}]',10,2),(351,'2025-08-04 11:14:50.273373','42','Truck Geometry Box',2,'[{\"changed\": {\"fields\": [\"Stock\", \"Discount percentage\"]}}]',10,2),(352,'2025-08-04 11:14:50.277033','41','Truck Geometry Box',2,'[{\"changed\": {\"fields\": [\"Discount percentage\"]}}]',10,2),(353,'2025-08-04 11:14:50.280633','40','Highlighter',2,'[{\"changed\": {\"fields\": [\"Stock\", \"Discount percentage\"]}}]',10,2),(354,'2025-08-04 11:14:50.284236','39','Highlighter',2,'[{\"changed\": {\"fields\": [\"Stock\", \"Discount percentage\"]}}]',10,2),(355,'2025-08-04 11:14:50.287783','38','Highlighter',2,'[{\"changed\": {\"fields\": [\"Stock\", \"Discount percentage\"]}}]',10,2),(356,'2025-08-04 11:14:50.291368','37','Highlighter',2,'[{\"changed\": {\"fields\": [\"Stock\", \"Discount percentage\"]}}]',10,2),(357,'2025-08-04 11:14:50.296452','36','Colors kitZ',2,'[{\"changed\": {\"fields\": [\"Stock\", \"Discount percentage\"]}}]',10,2),(358,'2025-08-04 11:14:50.300205','35','Colors kit',2,'[{\"changed\": {\"fields\": [\"Stock\", \"Discount percentage\"]}}]',10,2),(359,'2025-08-04 11:14:50.304441','34','Colors',2,'[{\"changed\": {\"fields\": [\"Stock\", \"Discount percentage\"]}}]',10,2),(360,'2025-08-04 11:14:50.308316','33','Stemp',2,'[{\"changed\": {\"fields\": [\"Stock\", \"Discount percentage\"]}}]',10,2),(361,'2025-08-04 11:14:50.312150','32','pouch',2,'[{\"changed\": {\"fields\": [\"Stock\", \"Discount percentage\"]}}]',10,2),(362,'2025-08-04 11:14:50.315887','31','pouch',2,'[{\"changed\": {\"fields\": [\"Stock\", \"Discount percentage\"]}}]',10,2),(363,'2025-08-04 11:14:50.319595','30','pouch',2,'[{\"changed\": {\"fields\": [\"Stock\", \"Discount percentage\"]}}]',10,2),(364,'2025-08-04 11:14:50.323333','29','pouch',2,'[{\"changed\": {\"fields\": [\"Stock\", \"Discount percentage\"]}}]',10,2),(365,'2025-08-04 11:14:50.326856','28','pouch',2,'[{\"changed\": {\"fields\": [\"Stock\", \"Discount percentage\"]}}]',10,2),(366,'2025-08-04 11:14:50.330392','27','pouch',2,'[{\"changed\": {\"fields\": [\"Stock\", \"Discount percentage\"]}}]',10,2),(367,'2025-08-04 11:14:50.333990','25','pouch',2,'[{\"changed\": {\"fields\": [\"Stock\", \"Discount percentage\"]}}]',10,2),(368,'2025-08-04 11:14:50.337561','24','pouch',2,'[{\"changed\": {\"fields\": [\"Stock\", \"Discount percentage\"]}}]',10,2),(369,'2025-08-04 11:14:50.343260','23','Pencil',2,'[{\"changed\": {\"fields\": [\"Stock\", \"Discount percentage\"]}}]',10,2),(370,'2025-08-04 11:14:50.346954','22','pencil',2,'[{\"changed\": {\"fields\": [\"Stock\", \"Discount percentage\"]}}]',10,2),(371,'2025-08-04 11:14:50.350622','21','pencil',2,'[{\"changed\": {\"fields\": [\"Stock\", \"Discount percentage\"]}}]',10,2),(372,'2025-08-04 11:14:50.354171','20','Gun Pencil',2,'[{\"changed\": {\"fields\": [\"Stock\", \"Discount percentage\"]}}]',10,2),(373,'2025-08-04 11:14:50.357729','19','GUN Pencils',2,'[{\"changed\": {\"fields\": [\"Stock\", \"Discount percentage\"]}}]',10,2),(374,'2025-08-04 11:14:50.361260','18','Gun pencil',2,'[{\"changed\": {\"fields\": [\"Stock\", \"Discount percentage\"]}}]',10,2),(375,'2025-08-04 11:14:50.364959','17','Gun Pencil',2,'[{\"changed\": {\"fields\": [\"Stock\", \"Discount percentage\"]}}]',10,2),(376,'2025-08-04 11:14:50.368820','16','pens',2,'[{\"changed\": {\"fields\": [\"Stock\", \"Discount percentage\"]}}]',10,2),(377,'2025-08-04 11:14:50.372654','15','pens',2,'[{\"changed\": {\"fields\": [\"Stock\", \"Discount percentage\"]}}]',10,2),(378,'2025-08-04 11:14:50.376447','14','pens',2,'[{\"changed\": {\"fields\": [\"Stock\", \"Discount percentage\"]}}]',10,2),(379,'2025-08-04 11:14:50.380257','13','pens',2,'[{\"changed\": {\"fields\": [\"Stock\", \"Discount percentage\"]}}]',10,2),(380,'2025-08-04 11:14:50.383870','12','pens',2,'[{\"changed\": {\"fields\": [\"Stock\", \"Discount percentage\"]}}]',10,2),(381,'2025-08-04 11:22:32.195921','84','Premium Pen',2,'[{\"changed\": {\"fields\": [\"Price\"]}}]',10,2),(382,'2025-08-04 11:22:32.199520','83','Electric Coin Box',2,'[{\"changed\": {\"fields\": [\"Price\"]}}]',10,2),(383,'2025-08-04 11:22:32.203169','82','Table Lamp Duck',2,'[{\"changed\": {\"fields\": [\"Price\"]}}]',10,2),(384,'2025-08-04 11:22:32.206845','81','Table Lamp Camera',2,'[{\"changed\": {\"fields\": [\"Price\"]}}]',10,2),(385,'2025-08-04 11:22:32.210495','80','Table Lamp Train',2,'[{\"changed\": {\"fields\": [\"Price\"]}}]',10,2),(386,'2025-08-04 11:22:32.214110','79','Coin Box House',2,'[{\"changed\": {\"fields\": [\"Price\"]}}]',10,2),(387,'2025-08-04 11:22:32.217703','78','Eraser Set',2,'[{\"changed\": {\"fields\": [\"Price\"]}}]',10,2),(388,'2025-08-04 11:22:32.221428','77','Eraser Set',2,'[{\"changed\": {\"fields\": [\"Price\"]}}]',10,2),(389,'2025-08-04 11:22:32.225039','76','Stationary Set',2,'[{\"changed\": {\"fields\": [\"Price\"]}}]',10,2),(390,'2025-08-04 11:22:32.228522','75','Stationary Set',2,'[{\"changed\": {\"fields\": [\"Price\"]}}]',10,2),(391,'2025-08-04 11:22:32.232191','72','Sticky Notes',2,'[{\"changed\": {\"fields\": [\"Price\"]}}]',10,2),(392,'2025-08-04 11:22:32.236634','70','Sticker Book',2,'[{\"changed\": {\"fields\": [\"Price\"]}}]',10,2),(393,'2025-08-04 11:22:32.240366','69','Sticker',2,'[{\"changed\": {\"fields\": [\"Price\"]}}]',10,2),(394,'2025-08-04 11:22:32.244058','68','Sharpener',2,'[{\"changed\": {\"fields\": [\"Price\"]}}]',10,2),(395,'2025-08-04 11:22:32.247561','67','Soap',2,'[{\"changed\": {\"fields\": [\"Price\"]}}]',10,2),(396,'2025-08-04 11:22:32.251216','66','Caluclater Key Ring',2,'[{\"changed\": {\"fields\": [\"Price\"]}}]',10,2),(397,'2025-08-04 11:22:32.254777','65','Calculater Key Ring',2,'[{\"changed\": {\"fields\": [\"Price\"]}}]',10,2),(398,'2025-08-04 11:22:32.258501','64','Coded Bag Lock',2,'[{\"changed\": {\"fields\": [\"Price\"]}}]',10,2),(399,'2025-08-04 11:22:32.262140','63','Key Rings Digital Time',2,'[{\"changed\": {\"fields\": [\"Price\"]}}]',10,2),(400,'2025-08-04 11:22:32.265618','62','Wehshii Tapes',2,'[{\"changed\": {\"fields\": [\"Price\"]}}]',10,2),(401,'2025-08-04 11:22:32.269126','61','Cute Tapes',2,'[{\"changed\": {\"fields\": [\"Price\"]}}]',10,2),(402,'2025-08-04 11:22:32.272648','60','Asthetic Tapes',2,'[{\"changed\": {\"fields\": [\"Price\"]}}]',10,2),(403,'2025-08-04 11:22:32.276360','59','Educational Toy',2,'[{\"changed\": {\"fields\": [\"Price\"]}}]',10,2),(404,'2025-08-04 11:22:32.280114','58','Wooden Alphabet Board',2,'[{\"changed\": {\"fields\": [\"Price\"]}}]',10,2),(405,'2025-08-04 11:22:32.283661','57','Wooden Numbering Board',2,'[{\"changed\": {\"fields\": [\"Price\"]}}]',10,2),(406,'2025-08-04 11:22:32.287336','56','Wooden Toy Shapes',2,'[{\"changed\": {\"fields\": [\"Price\"]}}]',10,2),(407,'2025-08-04 11:22:32.290913','55','Wooden Toy Shape Block',2,'[{\"changed\": {\"fields\": [\"Price\"]}}]',10,2),(408,'2025-08-04 11:22:32.294469','54','Wooden Toy Puzzal Board',2,'[{\"changed\": {\"fields\": [\"Price\"]}}]',10,2),(409,'2025-08-04 11:22:32.298051','53','Wooden Toy Shapes',2,'[{\"changed\": {\"fields\": [\"Price\"]}}]',10,2),(410,'2025-08-04 11:22:32.301676','52','Cute mini Dairy',2,'[{\"changed\": {\"fields\": [\"Price\"]}}]',10,2),(411,'2025-08-04 11:22:32.305255','51','Asthetic Dairy',2,'[{\"changed\": {\"fields\": [\"Price\"]}}]',10,2),(412,'2025-08-04 11:22:32.308781','50','Note Book',2,'[{\"changed\": {\"fields\": [\"Price\"]}}]',10,2),(413,'2025-08-04 11:22:32.312327','47','Note Book',2,'[{\"changed\": {\"fields\": [\"Price\"]}}]',10,2),(414,'2025-08-04 11:22:32.316042','46','Note Book',2,'[{\"changed\": {\"fields\": [\"Price\"]}}]',10,2),(415,'2025-08-04 11:22:32.319542','45','Geometry Box',2,'[{\"changed\": {\"fields\": [\"Price\"]}}]',10,2),(416,'2025-08-04 11:22:32.323137','44','Geometry Box',2,'[{\"changed\": {\"fields\": [\"Price\"]}}]',10,2),(417,'2025-08-04 11:22:32.326762','43','Geometry Box',2,'[{\"changed\": {\"fields\": [\"Price\"]}}]',10,2),(418,'2025-08-04 11:22:32.330303','42','Truck Geometry Box',2,'[{\"changed\": {\"fields\": [\"Price\"]}}]',10,2),(419,'2025-08-04 11:22:32.334136','41','Truck Geometry Box',2,'[{\"changed\": {\"fields\": [\"Price\"]}}]',10,2),(420,'2025-08-04 11:22:32.337875','40','Highlighter',2,'[{\"changed\": {\"fields\": [\"Price\"]}}]',10,2),(421,'2025-08-04 11:22:32.341507','39','Highlighter',2,'[{\"changed\": {\"fields\": [\"Price\"]}}]',10,2),(422,'2025-08-04 11:22:32.345257','38','Highlighter',2,'[{\"changed\": {\"fields\": [\"Price\"]}}]',10,2),(423,'2025-08-04 11:22:32.348928','37','Highlighter',2,'[{\"changed\": {\"fields\": [\"Price\"]}}]',10,2),(424,'2025-08-04 11:22:32.352427','36','Colors kitZ',2,'[{\"changed\": {\"fields\": [\"Price\"]}}]',10,2),(425,'2025-08-04 11:22:32.355973','35','Colors kit',2,'[{\"changed\": {\"fields\": [\"Price\"]}}]',10,2),(426,'2025-08-04 11:22:32.359391','34','Colors',2,'[{\"changed\": {\"fields\": [\"Price\"]}}]',10,2),(427,'2025-08-04 11:22:32.362845','33','Stemp',2,'[{\"changed\": {\"fields\": [\"Price\"]}}]',10,2),(428,'2025-08-04 11:22:32.366496','32','pouch',2,'[{\"changed\": {\"fields\": [\"Price\"]}}]',10,2),(429,'2025-08-04 11:22:32.369873','31','pouch',2,'[{\"changed\": {\"fields\": [\"Price\"]}}]',10,2),(430,'2025-08-04 11:22:32.373432','30','pouch',2,'[{\"changed\": {\"fields\": [\"Price\"]}}]',10,2),(431,'2025-08-04 11:22:32.377764','29','pouch',2,'[{\"changed\": {\"fields\": [\"Price\"]}}]',10,2),(432,'2025-08-04 11:22:32.381306','28','pouch',2,'[{\"changed\": {\"fields\": [\"Price\"]}}]',10,2),(433,'2025-08-04 11:22:32.384924','27','pouch',2,'[{\"changed\": {\"fields\": [\"Price\"]}}]',10,2),(434,'2025-08-04 11:22:32.388597','25','pouch',2,'[{\"changed\": {\"fields\": [\"Price\"]}}]',10,2),(435,'2025-08-04 11:22:32.392160','24','pouch',2,'[{\"changed\": {\"fields\": [\"Price\"]}}]',10,2),(436,'2025-08-04 11:22:32.395797','23','Pencil',2,'[{\"changed\": {\"fields\": [\"Price\"]}}]',10,2),(437,'2025-08-04 11:22:32.399307','22','pencil',2,'[{\"changed\": {\"fields\": [\"Price\"]}}]',10,2),(438,'2025-08-04 11:22:32.402939','21','pencil',2,'[{\"changed\": {\"fields\": [\"Price\"]}}]',10,2),(439,'2025-08-04 11:22:32.410135','20','Gun Pencil',2,'[{\"changed\": {\"fields\": [\"Price\"]}}]',10,2),(440,'2025-08-04 11:22:32.413903','19','GUN Pencils',2,'[{\"changed\": {\"fields\": [\"Price\"]}}]',10,2),(441,'2025-08-04 11:22:32.417330','18','Gun pencil',2,'[{\"changed\": {\"fields\": [\"Price\"]}}]',10,2),(442,'2025-08-04 11:22:32.420859','17','Gun Pencil',2,'[{\"changed\": {\"fields\": [\"Price\"]}}]',10,2),(443,'2025-08-04 11:22:32.424538','16','pens',2,'[{\"changed\": {\"fields\": [\"Price\"]}}]',10,2),(444,'2025-08-04 11:22:32.428082','15','pens',2,'[{\"changed\": {\"fields\": [\"Price\"]}}]',10,2),(445,'2025-08-04 11:22:32.431922','14','pens',2,'[{\"changed\": {\"fields\": [\"Price\"]}}]',10,2),(446,'2025-08-04 11:22:32.435344','13','pens',2,'[{\"changed\": {\"fields\": [\"Price\"]}}]',10,2),(447,'2025-08-04 11:22:32.438701','12','pens',2,'[{\"changed\": {\"fields\": [\"Price\"]}}]',10,2),(448,'2025-08-04 11:38:38.869983','29','pouch',2,'[{\"changed\": {\"fields\": [\"Price\"]}}]',10,2),(449,'2025-08-04 11:38:38.873812','27','pouch',2,'[{\"changed\": {\"fields\": [\"Price\"]}}]',10,2),(450,'2025-08-04 11:38:38.877506','25','pouch',2,'[{\"changed\": {\"fields\": [\"Price\"]}}]',10,2),(451,'2025-08-04 11:38:38.881160','24','pouch',2,'[{\"changed\": {\"fields\": [\"Price\"]}}]',10,2),(452,'2025-08-04 11:40:16.381175','46','Note Book',2,'[{\"changed\": {\"fields\": [\"Price\"]}}]',10,2),(453,'2025-08-04 11:45:14.323517','78','Eraser Set',2,'[{\"changed\": {\"fields\": [\"Price\"]}}]',10,2),(454,'2025-08-04 11:45:14.327317','77','Eraser Set',2,'[{\"changed\": {\"fields\": [\"Price\"]}}]',10,2),(455,'2025-08-04 11:45:40.173536','78','Eraser Set',2,'[{\"changed\": {\"fields\": [\"Price\"]}}]',10,2),(456,'2025-08-04 11:45:40.177060','77','Eraser Set',2,'[{\"changed\": {\"fields\": [\"Price\"]}}]',10,2),(457,'2025-08-04 11:58:15.236556','68','Sharpener',2,'[{\"changed\": {\"fields\": [\"Price\"]}}]',10,2),(458,'2025-08-04 11:59:15.878550','23','Pencil',2,'[{\"changed\": {\"fields\": [\"Slug\", \"Description\"]}}]',10,2),(459,'2025-08-04 12:01:53.016596','23','Pencil',2,'[{\"changed\": {\"fields\": [\"Description\"]}}]',10,2),(460,'2025-08-04 12:02:50.963493','22','pencil',2,'[{\"changed\": {\"fields\": [\"Description\"]}}]',10,2),(461,'2025-08-04 12:04:10.601545','21','pencil',2,'[{\"changed\": {\"fields\": [\"Description\"]}}]',10,2),(462,'2025-08-04 12:05:30.396427','20','Gun Pencil',2,'[{\"changed\": {\"fields\": [\"Description\"]}}]',10,2),(463,'2025-08-04 12:06:13.460596','17','Gun Pencil',2,'[{\"changed\": {\"fields\": [\"Description\"]}}]',10,2),(464,'2025-08-04 12:08:51.820879','18','Gun pencil',2,'[{\"changed\": {\"fields\": [\"Description\"]}}]',10,2),(465,'2025-08-04 12:10:00.622427','19','GUN Pencils',2,'[{\"changed\": {\"fields\": [\"Description\"]}}]',10,2),(466,'2025-08-04 12:10:01.155603','19','GUN Pencils',2,'[]',10,2),(467,'2025-08-04 12:11:11.726003','17','Gun Pencil',2,'[{\"changed\": {\"fields\": [\"Description\"]}}]',10,2),(468,'2025-08-04 12:11:39.919080','17','Gun Pencil',2,'[{\"changed\": {\"fields\": [\"Description\"]}}]',10,2),(469,'2025-08-04 12:14:08.372277','13','pens',2,'[{\"changed\": {\"fields\": [\"Description\"]}}]',10,2),(470,'2025-08-04 12:14:30.675905','84','Premium Pen',2,'[{\"changed\": {\"fields\": [\"Description\"]}}]',10,2),(471,'2025-08-04 12:15:43.547623','84','Premium Pen',2,'[{\"changed\": {\"fields\": [\"Description\"]}}]',10,2),(472,'2025-08-04 12:22:59.062197','84','Blush Pen',2,'[{\"changed\": {\"fields\": [\"Name\"]}}]',10,2),(473,'2025-08-04 12:24:09.067777','16','Blush Pen',2,'[{\"changed\": {\"fields\": [\"Name\", \"Description\"]}}]',10,2),(474,'2025-08-04 12:24:31.655674','15','Blush Pen',2,'[{\"changed\": {\"fields\": [\"Name\", \"Description\"]}}]',10,2),(475,'2025-08-04 12:26:13.707572','14','Planting Pen',2,'[{\"changed\": {\"fields\": [\"Name\", \"Description\"]}}]',10,2),(476,'2025-08-04 12:26:42.260928','12','Planting Pen',2,'[{\"changed\": {\"fields\": [\"Name\", \"Description\"]}}]',10,2),(477,'2025-08-04 12:28:17.625912','13','Glitter Bloom',2,'[{\"changed\": {\"fields\": [\"Name\", \"Description\"]}}]',10,2),(478,'2025-08-04 12:30:12.222621','32','Kitty Case',2,'[{\"changed\": {\"fields\": [\"Name\", \"Description\"]}}]',10,2),(479,'2025-08-04 12:31:21.463700','31','Blossom Pouch',2,'[{\"changed\": {\"fields\": [\"Name\", \"Description\"]}}]',10,2),(480,'2025-08-04 12:32:27.904886','30','Lavender Pouch',2,'[{\"changed\": {\"fields\": [\"Name\", \"Description\"]}}]',10,2),(481,'2025-08-04 12:33:28.033145','29','Sky Pouch',2,'[{\"changed\": {\"fields\": [\"Name\", \"Description\"]}}]',10,2),(482,'2025-08-04 12:34:35.493575','28','Pink Kitty',2,'[{\"changed\": {\"fields\": [\"Name\", \"Description\"]}}]',10,2),(483,'2025-08-04 12:35:28.816005','27','Star Pouch',2,'[{\"changed\": {\"fields\": [\"Name\", \"Description\"]}}]',10,2),(484,'2025-08-04 12:36:34.434072','25','Heart Pouch',2,'[{\"changed\": {\"fields\": [\"Name\", \"Description\"]}}]',10,2),(485,'2025-08-04 12:37:36.020954','24','Cozy Friends',2,'[{\"changed\": {\"fields\": [\"Name\", \"Description\"]}}]',10,2),(486,'2025-08-04 12:37:40.893824','1',' 10 Days of Free Delivery! New shoppers get free shipping on all orders for the first 10 days. Start shopping today!',1,'[{\"added\": {}}]',17,1),(487,'2025-08-04 12:41:51.314750','33','Kawaii Stamps',2,'[{\"changed\": {\"fields\": [\"Name\", \"Description\"]}}]',10,2),(488,'2025-08-04 12:43:06.441682','34','Art Markers',2,'[{\"changed\": {\"fields\": [\"Name\", \"Description\"]}}]',10,2),(489,'2025-08-04 12:44:05.430722','35','Color Kit',2,'[{\"changed\": {\"fields\": [\"Name\", \"Description\"]}}]',10,2),(490,'2025-08-04 12:44:22.021793','36','Color kit',2,'[{\"changed\": {\"fields\": [\"Name\", \"Description\"]}}]',10,2),(491,'2025-08-04 12:45:54.351173','37','Pop Highlighters',2,'[{\"changed\": {\"fields\": [\"Name\", \"Description\"]}}]',10,2),(492,'2025-08-04 12:47:08.494720','38','Bunny Highlighters',2,'[{\"changed\": {\"fields\": [\"Name\", \"Description\"]}}]',10,2),(493,'2025-08-04 12:48:43.436681','39','Kuromi Highlighters',2,'[{\"changed\": {\"fields\": [\"Name\", \"Description\"]}}]',10,2),(494,'2025-08-04 12:49:41.853595','40','Space Highlighters',2,'[{\"changed\": {\"fields\": [\"Name\", \"Description\"]}}]',10,2),(495,'2025-08-04 12:51:14.430829','41','Truck Box',2,'[{\"changed\": {\"fields\": [\"Name\", \"Description\"]}}]',10,2),(496,'2025-08-04 12:51:45.986770','42','Truck Box',2,'[{\"changed\": {\"fields\": [\"Name\", \"Description\"]}}]',10,2),(497,'2025-08-04 12:52:14.793668','45','Geometry Box',3,'',10,2),(498,'2025-08-04 12:53:17.819481','43','Speed Box',2,'[{\"changed\": {\"fields\": [\"Name\", \"Description\"]}}]',10,2),(499,'2025-08-04 12:54:07.329429','44','Unicorn Box',2,'[{\"changed\": {\"fields\": [\"Name\", \"Description\"]}}]',10,2),(500,'2025-08-04 12:56:07.988538','46','Idea Notebook',2,'[{\"changed\": {\"fields\": [\"Name\", \"Description\"]}}]',10,2),(501,'2025-08-04 12:57:09.055638','47','Article Notebook',2,'[{\"changed\": {\"fields\": [\"Name\", \"Description\"]}}]',10,2),(502,'2025-08-04 12:59:15.118735','50','Inspire Notebook',2,'[{\"changed\": {\"fields\": [\"Name\", \"Description\"]}}]',10,2),(503,'2025-08-04 12:59:17.895917','50','Inspire Notebook',2,'[]',10,2),(504,'2025-08-04 13:06:51.262965','51','Tweed Journal',2,'[{\"changed\": {\"fields\": [\"Name\", \"Description\"]}}]',10,2),(505,'2025-08-04 13:08:56.790825','52','Koala Carnival',2,'[{\"changed\": {\"fields\": [\"Name\", \"Description\"]}}]',10,2),(506,'2025-08-04 13:11:21.451810','53','Shape Stacker',2,'[{\"changed\": {\"fields\": [\"Name\", \"Description\"]}}]',10,2),(507,'2025-08-04 13:12:26.941854','54','Plane Puzzle',2,'[{\"changed\": {\"fields\": [\"Name\", \"Description\"]}}]',10,2),(508,'2025-08-04 13:13:21.765858','55','Shape Sorter',2,'[{\"changed\": {\"fields\": [\"Name\", \"Description\"]}}]',10,2),(509,'2025-08-04 13:19:28.714475','56','Aqua Friends',2,'[{\"changed\": {\"fields\": [\"Name\", \"Description\"]}}]',10,2),(510,'2025-08-04 13:21:17.981947','57','Digits Puzzle Board',2,'[{\"changed\": {\"fields\": [\"Name\", \"Description\"]}}]',10,2),(511,'2025-08-04 13:22:17.115804','58','Alphabet Puzzle',2,'[{\"changed\": {\"fields\": [\"Name\", \"Description\"]}}]',10,2),(512,'2025-08-04 13:23:20.559603','59','Interactive Learning Book',2,'[{\"changed\": {\"fields\": [\"Name\", \"Description\"]}}]',10,2),(513,'2025-08-04 13:24:56.792494','60','Hello Tape',2,'[{\"changed\": {\"fields\": [\"Name\", \"Description\"]}}]',10,2),(514,'2025-08-04 13:26:13.279573','61','Pastel Tape',2,'[{\"changed\": {\"fields\": [\"Name\", \"Description\"]}}]',10,2),(515,'2025-08-04 13:28:58.791960','62','Vintage Tape',2,'[{\"changed\": {\"fields\": [\"Name\", \"Description\"]}}]',10,2),(516,'2025-08-04 13:30:15.591217','63','Timed Keychain',2,'[{\"changed\": {\"fields\": [\"Name\", \"Description\"]}}]',10,2),(517,'2025-08-04 13:31:30.394236','64','Cherry Combo Lock',2,'[{\"changed\": {\"fields\": [\"Name\", \"Description\"]}}]',10,2),(518,'2025-08-04 13:32:20.129792','65','Kuromi Calculator Keychain',2,'[{\"changed\": {\"fields\": [\"Name\", \"Description\"]}}]',10,2),(519,'2025-08-04 13:33:55.276473','66','Kuromi Caluclater Keychain',2,'[{\"changed\": {\"fields\": [\"Name\", \"Description\"]}}]',10,2),(520,'2025-08-04 13:34:20.490988','65','Bunny Mug Calculator Keychain',2,'[{\"changed\": {\"fields\": [\"Name\", \"Description\"]}}]',10,2),(521,'2025-08-04 13:35:33.130492','67','Mini Soap Confetti',2,'[{\"changed\": {\"fields\": [\"Name\", \"Description\"]}}]',10,2),(522,'2025-08-04 13:36:38.118526','68','Astro Duo Sharpener',2,'[{\"changed\": {\"fields\": [\"Name\", \"Description\"]}}]',10,2),(523,'2025-08-04 13:37:33.062641','69','Floral Bloom Stickers',2,'[{\"changed\": {\"fields\": [\"Name\", \"Description\"]}}]',10,2),(524,'2025-08-04 13:39:18.924554','70','Romantic Time Sticker Book',2,'[{\"changed\": {\"fields\": [\"Name\", \"Description\"]}}]',10,2),(525,'2025-08-04 13:40:21.058803','72','Pastel Heart-Shaped Sticky Notes',2,'[{\"changed\": {\"fields\": [\"Name\", \"Description\"]}}]',10,2),(526,'2025-08-04 13:42:13.978961','75','Disney Cars Stationery Gift Set',2,'[{\"changed\": {\"fields\": [\"Name\", \"Description\"]}}]',10,2),(527,'2025-08-04 13:43:26.702169','76','Unicorn Fantasy Stationery Set',2,'[{\"changed\": {\"fields\": [\"Name\", \"Description\"]}}]',10,2),(528,'2025-08-04 13:45:36.055310','77','Traffic Vehicle Eraser Set',2,'[{\"changed\": {\"fields\": [\"Name\", \"Description\"]}}]',10,2),(529,'2025-08-04 13:46:19.939794','78','Fairytale Palace Eraser Set',2,'[{\"changed\": {\"fields\": [\"Name\", \"Description\"]}}]',10,2),(530,'2025-08-04 13:47:31.077233','79','Popcorn Baby Coin Box',2,'[{\"changed\": {\"fields\": [\"Name\", \"Description\"]}}]',10,2),(531,'2025-08-04 13:48:43.752755','80','Cute Train-Shaped LED Study Lamp',2,'[{\"changed\": {\"fields\": [\"Name\", \"Description\"]}}]',10,2),(532,'2025-08-04 13:49:28.570896','81','Camera Lamp',2,'[{\"changed\": {\"fields\": [\"Name\", \"Description\"]}}]',10,2),(533,'2025-08-04 13:50:15.380773','82','Bird LED Night Lamp',2,'[{\"changed\": {\"fields\": [\"Name\", \"Description\"]}}]',10,2),(534,'2025-08-04 13:51:50.710250','83','Frozen Princess ATM Piggy Bank',2,'[{\"changed\": {\"fields\": [\"Name\", \"Description\"]}}]',10,2),(535,'2025-08-04 14:16:19.613543','83','Frozen Princess ATM Piggy Bank',2,'[{\"changed\": {\"fields\": [\"Image\"]}}, {\"changed\": {\"name\": \"product image\", \"object\": \"Image for Frozen Princess ATM Piggy Bank\", \"fields\": [\"Image\"]}}]',10,2),(536,'2025-08-04 14:17:53.415695','1',' 10 Days of Free Delivery! New shoppers get free shipping on all orders for the first 10 days. Start shopping today!',2,'[]',17,2),(537,'2025-08-04 16:19:17.784166','1',' 10 Days of Free Delivery Only in Gojra! New shoppers get free shipping on all orders for the first 10 days. Start shopping today!',2,'[{\"changed\": {\"fields\": [\"Message\"]}}]',17,2),(538,'2025-08-04 16:46:14.922721','13','Kids special',2,'[{\"changed\": {\"fields\": [\"Image\"]}}]',7,2),(539,'2025-08-04 16:53:26.303221','13','Kids special',2,'[{\"changed\": {\"fields\": [\"Image\"]}}]',7,2),(540,'2025-08-04 16:56:00.704342','13','Kids special',2,'[{\"changed\": {\"fields\": [\"Image\"]}}]',7,2),(541,'2025-08-04 16:56:47.758085','13','Kids special',2,'[{\"changed\": {\"fields\": [\"Image\"]}}]',7,2),(542,'2025-08-04 17:09:41.539174','13','Kids special',2,'[{\"changed\": {\"fields\": [\"Image\"]}}]',7,2),(543,'2025-08-05 01:51:33.675449','40','Space Highlighters',2,'[{\"changed\": {\"fields\": [\"Price\"]}}]',10,2),(544,'2025-08-05 01:51:33.680253','39','Kuromi Highlighters',2,'[{\"changed\": {\"fields\": [\"Price\"]}}]',10,2),(545,'2025-08-05 01:51:33.684024','38','Bunny Highlighters',2,'[{\"changed\": {\"fields\": [\"Price\"]}}]',10,2),(546,'2025-08-05 01:51:33.687736','37','Pop Highlighters',2,'[{\"changed\": {\"fields\": [\"Price\"]}}]',10,2),(547,'2025-08-05 01:51:33.691456','36','Color kit',2,'[{\"changed\": {\"fields\": [\"Price\"]}}]',10,2),(548,'2025-08-05 01:51:33.695091','35','Color Kit',2,'[{\"changed\": {\"fields\": [\"Price\"]}}]',10,2),(549,'2025-08-05 01:52:04.487384','37','Pop Highlighters',2,'[{\"changed\": {\"fields\": [\"Price\"]}}]',10,2),(550,'2025-08-05 02:01:59.766555','19','Sniper Rifle Pencil',2,'[{\"changed\": {\"fields\": [\"Name\"]}}]',10,2),(551,'2025-08-05 02:02:30.904614','20','Sniper Rifle Pencil',2,'[{\"changed\": {\"fields\": [\"Name\"]}}]',10,2),(552,'2025-08-05 02:05:49.310099','18','Camouflage Rifle Pencil',2,'[{\"changed\": {\"fields\": [\"Name\"]}}]',10,2),(553,'2025-08-05 02:06:32.232252','17','Camouflage Rifle Pencil',2,'[{\"changed\": {\"fields\": [\"Name\"]}}]',10,2),(554,'2025-08-05 02:09:27.119886','23','Duck Charm Pastel Gel Pen',2,'[{\"changed\": {\"fields\": [\"Name\"]}}]',10,2),(555,'2025-08-05 02:11:39.724766','22','Wiggle Smile',2,'[{\"changed\": {\"fields\": [\"Name\"]}}]',10,2),(556,'2025-08-05 02:13:03.414243','21','Yellow Zing',2,'[{\"changed\": {\"fields\": [\"Name\"]}}]',10,2),(557,'2025-08-05 02:14:16.120431','23','Ducky Drift',2,'[{\"changed\": {\"fields\": [\"Name\"]}}]',10,2),(558,'2025-08-05 05:29:05.790782','84','Blush Pen',2,'[{\"changed\": {\"fields\": [\"Slug\"]}}]',10,2),(559,'2025-08-05 05:29:44.858829','82','Bird LED Night Lamp',2,'[{\"changed\": {\"fields\": [\"Slug\"]}}]',10,2),(560,'2025-08-05 05:29:58.907664','81','Camera Lamp',2,'[{\"changed\": {\"fields\": [\"Slug\"]}}]',10,2),(561,'2025-08-05 05:30:14.278322','80','Cute Train-Shaped LED Study Lamp',2,'[{\"changed\": {\"fields\": [\"Slug\"]}}]',10,2),(562,'2025-08-05 05:30:37.298959','79','Popcorn Baby Coin Box',2,'[{\"changed\": {\"fields\": [\"Slug\"]}}]',10,2),(563,'2025-08-05 05:31:15.659067','78','Fairytale Palace Eraser Set',2,'[{\"changed\": {\"fields\": [\"Slug\"]}}]',10,2),(564,'2025-08-05 05:31:25.627797','77','Traffic Vehicle Eraser Set',2,'[{\"changed\": {\"fields\": [\"Slug\"]}}]',10,2),(565,'2025-08-05 05:31:53.798489','76','Unicorn Fantasy Stationery Set',2,'[{\"changed\": {\"fields\": [\"Slug\"]}}]',10,2),(566,'2025-08-05 05:32:03.119943','76','Unicorn Fantasy Stationery Set',2,'[]',10,2),(567,'2025-08-05 05:32:25.390966','12','Planting Pen',2,'[{\"changed\": {\"fields\": [\"Slug\"]}}]',10,2),(568,'2025-08-05 05:32:43.450222','13','Glitter Bloom',2,'[{\"changed\": {\"fields\": [\"Slug\"]}}]',10,2),(569,'2025-08-05 05:33:05.749457','14','Planting Pen',2,'[{\"changed\": {\"fields\": [\"Slug\"]}}]',10,2),(570,'2025-08-05 05:33:24.049097','15','Blush Pen',2,'[{\"changed\": {\"fields\": [\"Slug\"]}}]',10,2),(571,'2025-08-05 05:33:42.349132','16','Blush Pen',2,'[{\"changed\": {\"fields\": [\"Slug\"]}}]',10,2),(572,'2025-08-05 05:34:13.152314','18','Camouflage Rifle Pencil',2,'[{\"changed\": {\"fields\": [\"Slug\"]}}]',10,2),(573,'2025-08-05 05:34:57.637558','23','Ducky Drift',2,'[{\"changed\": {\"fields\": [\"Slug\"]}}]',10,2),(574,'2025-08-05 05:35:16.518482','28','Pink Kitty',2,'[{\"changed\": {\"fields\": [\"Slug\"]}}]',10,2),(575,'2025-08-05 08:23:02.815101','11','Stationery Set',2,'[{\"changed\": {\"fields\": [\"Name\"]}}]',7,2),(576,'2025-08-05 08:23:35.278916','5','wew35tdsgdf',3,'',4,2),(577,'2025-08-05 08:24:24.021560','6','Order 1XIN0B0F - Cindy Brekke-Rath',3,'',9,2),(578,'2025-08-05 08:25:49.903576','84','Blush Pen',2,'[{\"changed\": {\"fields\": [\"Price\"]}}]',10,2),(579,'2025-08-05 09:28:18.039358','2','imported items only  And we have return policy.',1,'[{\"added\": {}}]',17,2),(580,'2025-08-05 09:29:05.081216','2','imported items only  And we have return policy.',3,'',17,2),(581,'2025-08-05 09:34:50.278639','84','Blush Pen',2,'[{\"changed\": {\"fields\": [\"Stock\"]}}]',10,2),(582,'2025-08-05 09:34:50.282209','83','Frozen Princess ATM Piggy Bank',2,'[{\"changed\": {\"fields\": [\"Stock\"]}}]',10,2),(583,'2025-08-05 09:34:50.285893','81','Camera Lamp',2,'[{\"changed\": {\"fields\": [\"Stock\"]}}]',10,2),(584,'2025-08-05 09:34:50.289462','80','Cute Train-Shaped LED Study Lamp',2,'[{\"changed\": {\"fields\": [\"Stock\"]}}]',10,2),(585,'2025-08-05 09:34:50.297883','78','Fairytale Palace Eraser Set',2,'[{\"changed\": {\"fields\": [\"Stock\"]}}]',10,2),(586,'2025-08-05 09:34:50.301689','77','Traffic Vehicle Eraser Set',2,'[{\"changed\": {\"fields\": [\"Stock\"]}}]',10,2),(587,'2025-08-05 09:34:50.305350','72','Pastel Heart-Shaped Sticky Notes',2,'[{\"changed\": {\"fields\": [\"Stock\"]}}]',10,2),(588,'2025-08-05 09:34:50.308938','68','Astro Duo Sharpener',2,'[{\"changed\": {\"fields\": [\"Stock\"]}}]',10,2),(589,'2025-08-05 09:34:50.312526','67','Mini Soap Confetti',2,'[{\"changed\": {\"fields\": [\"Stock\"]}}]',10,2),(590,'2025-08-05 09:34:50.316230','64','Cherry Combo Lock',2,'[{\"changed\": {\"fields\": [\"Stock\"]}}]',10,2),(591,'2025-08-05 09:34:50.320060','62','Vintage Tape',2,'[{\"changed\": {\"fields\": [\"Stock\"]}}]',10,2),(592,'2025-08-05 09:34:50.323690','61','Pastel Tape',2,'[{\"changed\": {\"fields\": [\"Stock\"]}}]',10,2),(593,'2025-08-05 09:34:50.327387','60','Hello Tape',2,'[{\"changed\": {\"fields\": [\"Stock\"]}}]',10,2),(594,'2025-08-05 09:34:50.331303','59','Interactive Learning Book',2,'[{\"changed\": {\"fields\": [\"Stock\"]}}]',10,2),(595,'2025-08-05 09:34:50.335125','51','Tweed Journal',2,'[{\"changed\": {\"fields\": [\"Stock\"]}}]',10,2),(596,'2025-08-05 09:34:50.338808','46','Idea Notebook',2,'[{\"changed\": {\"fields\": [\"Stock\"]}}]',10,2),(597,'2025-08-05 09:34:50.342554','44','Unicorn Box',2,'[{\"changed\": {\"fields\": [\"Stock\"]}}]',10,2),(598,'2025-08-05 09:34:50.346205','43','Speed Box',2,'[{\"changed\": {\"fields\": [\"Stock\"]}}]',10,2),(599,'2025-08-05 09:34:50.350120','42','Truck Box',2,'[{\"changed\": {\"fields\": [\"Stock\"]}}]',10,2),(600,'2025-08-05 09:34:50.353905','41','Truck Box',2,'[{\"changed\": {\"fields\": [\"Stock\"]}}]',10,2),(601,'2025-08-05 09:34:50.357611','40','Space Highlighters',2,'[{\"changed\": {\"fields\": [\"Stock\"]}}]',10,2),(602,'2025-08-05 09:34:50.361309','39','Kuromi Highlighters',2,'[{\"changed\": {\"fields\": [\"Stock\"]}}]',10,2),(603,'2025-08-05 09:34:50.365009','38','Bunny Highlighters',2,'[{\"changed\": {\"fields\": [\"Stock\"]}}]',10,2),(604,'2025-08-05 09:34:50.368534','37','Pop Highlighters',2,'[{\"changed\": {\"fields\": [\"Stock\"]}}]',10,2),(605,'2025-08-05 09:34:50.372270','36','Color kit',2,'[{\"changed\": {\"fields\": [\"Stock\"]}}]',10,2),(606,'2025-08-05 09:34:50.376152','35','Color Kit',2,'[{\"changed\": {\"fields\": [\"Stock\"]}}]',10,2),(607,'2025-08-05 09:34:50.380019','33','Kawaii Stamps',2,'[{\"changed\": {\"fields\": [\"Stock\"]}}]',10,2),(608,'2025-08-05 09:34:50.383481','23','Ducky Drift',2,'[{\"changed\": {\"fields\": [\"Stock\"]}}]',10,2),(609,'2025-08-05 09:34:50.387088','22','Wiggle Smile',2,'[{\"changed\": {\"fields\": [\"Stock\"]}}]',10,2),(610,'2025-08-05 09:34:50.390712','21','Yellow Zing',2,'[{\"changed\": {\"fields\": [\"Stock\"]}}]',10,2),(611,'2025-08-05 09:34:50.394200','20','Sniper Rifle Pencil',2,'[{\"changed\": {\"fields\": [\"Stock\"]}}]',10,2),(612,'2025-08-05 09:34:50.397863','19','Sniper Rifle Pencil',2,'[{\"changed\": {\"fields\": [\"Stock\"]}}]',10,2),(613,'2025-08-05 09:34:50.401382','18','Camouflage Rifle Pencil',2,'[{\"changed\": {\"fields\": [\"Stock\"]}}]',10,2),(614,'2025-08-05 09:34:50.404968','17','Camouflage Rifle Pencil',2,'[{\"changed\": {\"fields\": [\"Stock\"]}}]',10,2),(615,'2025-08-05 09:34:50.408420','16','Blush Pen',2,'[{\"changed\": {\"fields\": [\"Stock\"]}}]',10,2),(616,'2025-08-05 09:34:50.412214','15','Blush Pen',2,'[{\"changed\": {\"fields\": [\"Stock\"]}}]',10,2),(617,'2025-08-05 09:34:50.415784','14','Planting Pen',2,'[{\"changed\": {\"fields\": [\"Stock\"]}}]',10,2),(618,'2025-08-05 09:34:50.419415','13','Glitter Bloom',2,'[{\"changed\": {\"fields\": [\"Stock\"]}}]',10,2),(619,'2025-08-05 09:34:50.424152','12','Planting Pen',2,'[{\"changed\": {\"fields\": [\"Stock\"]}}]',10,2),(620,'2025-08-06 14:37:10.652035','84','Blush Pen',2,'[{\"changed\": {\"fields\": [\"Price\"]}}]',10,2),(621,'2025-08-06 14:37:10.656594','83','Frozen Princess ATM Piggy Bank',2,'[{\"changed\": {\"fields\": [\"Price\"]}}]',10,2),(622,'2025-08-06 14:37:10.660102','82','Bird LED Night Lamp',2,'[{\"changed\": {\"fields\": [\"Price\"]}}]',10,2),(623,'2025-08-06 14:37:10.663481','81','Camera Lamp',2,'[{\"changed\": {\"fields\": [\"Price\"]}}]',10,2),(624,'2025-08-06 14:37:10.666813','80','Cute Train-Shaped LED Study Lamp',2,'[{\"changed\": {\"fields\": [\"Price\"]}}]',10,2),(625,'2025-08-06 14:37:10.670128','79','Popcorn Baby Coin Box',2,'[{\"changed\": {\"fields\": [\"Price\"]}}]',10,2),(626,'2025-08-06 14:37:10.673655','78','Fairytale Palace Eraser Set',2,'[{\"changed\": {\"fields\": [\"Price\"]}}]',10,2),(627,'2025-08-06 14:37:10.677097','77','Traffic Vehicle Eraser Set',2,'[{\"changed\": {\"fields\": [\"Price\"]}}]',10,2),(628,'2025-08-06 14:37:10.680534','76','Unicorn Fantasy Stationery Set',2,'[{\"changed\": {\"fields\": [\"Price\"]}}]',10,2),(629,'2025-08-06 14:37:10.684059','75','Disney Cars Stationery Gift Set',2,'[{\"changed\": {\"fields\": [\"Price\"]}}]',10,2),(630,'2025-08-06 14:37:10.687671','72','Pastel Heart-Shaped Sticky Notes',2,'[{\"changed\": {\"fields\": [\"Price\"]}}]',10,2),(631,'2025-08-06 14:37:10.691207','70','Romantic Time Sticker Book',2,'[{\"changed\": {\"fields\": [\"Price\"]}}]',10,2),(632,'2025-08-06 14:37:10.694947','69','Floral Bloom Stickers',2,'[{\"changed\": {\"fields\": [\"Price\"]}}]',10,2),(633,'2025-08-06 14:37:10.698655','68','Astro Duo Sharpener',2,'[{\"changed\": {\"fields\": [\"Price\"]}}]',10,2),(634,'2025-08-06 14:37:10.702434','66','Kuromi Caluclater Keychain',2,'[{\"changed\": {\"fields\": [\"Price\"]}}]',10,2),(635,'2025-08-06 14:37:10.706108','65','Bunny Mug Calculator Keychain',2,'[{\"changed\": {\"fields\": [\"Price\"]}}]',10,2),(636,'2025-08-06 14:37:10.709600','64','Cherry Combo Lock',2,'[{\"changed\": {\"fields\": [\"Price\"]}}]',10,2),(637,'2025-08-06 14:37:10.713112','63','Timed Keychain',2,'[{\"changed\": {\"fields\": [\"Price\"]}}]',10,2),(638,'2025-08-06 14:37:10.716497','61','Pastel Tape',2,'[{\"changed\": {\"fields\": [\"Price\"]}}]',10,2),(639,'2025-08-06 14:37:10.720117','60','Hello Tape',2,'[{\"changed\": {\"fields\": [\"Price\"]}}]',10,2),(640,'2025-08-06 14:37:10.723470','58','Alphabet Puzzle',2,'[{\"changed\": {\"fields\": [\"Price\"]}}]',10,2),(641,'2025-08-06 14:37:10.727125','57','Digits Puzzle Board',2,'[{\"changed\": {\"fields\": [\"Price\"]}}]',10,2),(642,'2025-08-06 14:37:10.730635','56','Aqua Friends',2,'[{\"changed\": {\"fields\": [\"Price\"]}}]',10,2),(643,'2025-08-06 14:37:10.734162','55','Shape Sorter',2,'[{\"changed\": {\"fields\": [\"Price\"]}}]',10,2),(644,'2025-08-06 14:37:10.737798','54','Plane Puzzle',2,'[{\"changed\": {\"fields\": [\"Price\"]}}]',10,2),(645,'2025-08-06 14:37:10.741397','53','Shape Stacker',2,'[{\"changed\": {\"fields\": [\"Price\"]}}]',10,2),(646,'2025-08-06 14:37:10.744946','51','Tweed Journal',2,'[{\"changed\": {\"fields\": [\"Price\"]}}]',10,2),(647,'2025-08-06 14:37:10.748399','50','Inspire Notebook',2,'[{\"changed\": {\"fields\": [\"Price\"]}}]',10,2),(648,'2025-08-06 14:37:10.752061','47','Article Notebook',2,'[{\"changed\": {\"fields\": [\"Price\"]}}]',10,2),(649,'2025-08-06 14:37:10.755574','44','Unicorn Box',2,'[{\"changed\": {\"fields\": [\"Price\"]}}]',10,2),(650,'2025-08-06 14:37:10.759167','43','Speed Box',2,'[{\"changed\": {\"fields\": [\"Price\"]}}]',10,2),(651,'2025-08-06 14:37:10.763008','42','Truck Box',2,'[{\"changed\": {\"fields\": [\"Price\"]}}]',10,2),(652,'2025-08-06 14:37:10.766596','41','Truck Box',2,'[{\"changed\": {\"fields\": [\"Price\"]}}]',10,2),(653,'2025-08-06 14:37:10.770108','40','Space Highlighters',2,'[{\"changed\": {\"fields\": [\"Price\"]}}]',10,2),(654,'2025-08-06 14:37:10.773711','39','Kuromi Highlighters',2,'[{\"changed\": {\"fields\": [\"Price\"]}}]',10,2),(655,'2025-08-06 14:37:10.777304','38','Bunny Highlighters',2,'[{\"changed\": {\"fields\": [\"Price\"]}}]',10,2),(656,'2025-08-06 14:37:10.780732','37','Pop Highlighters',2,'[{\"changed\": {\"fields\": [\"Price\"]}}]',10,2),(657,'2025-08-06 14:37:10.784323','32','Kitty Case',2,'[{\"changed\": {\"fields\": [\"Price\"]}}]',10,2),(658,'2025-08-06 14:37:10.787914','31','Blossom Pouch',2,'[{\"changed\": {\"fields\": [\"Price\"]}}]',10,2),(659,'2025-08-06 14:37:10.791412','30','Lavender Pouch',2,'[{\"changed\": {\"fields\": [\"Price\"]}}]',10,2),(660,'2025-08-06 14:37:10.795806','29','Sky Pouch',2,'[{\"changed\": {\"fields\": [\"Price\"]}}]',10,2),(661,'2025-08-06 14:37:10.799346','28','Pink Kitty',2,'[{\"changed\": {\"fields\": [\"Price\"]}}]',10,2),(662,'2025-08-06 14:37:10.802808','27','Star Pouch',2,'[{\"changed\": {\"fields\": [\"Price\"]}}]',10,2),(663,'2025-08-06 14:37:10.806264','25','Heart Pouch',2,'[{\"changed\": {\"fields\": [\"Price\"]}}]',10,2),(664,'2025-08-06 14:37:10.809813','24','Cozy Friends',2,'[{\"changed\": {\"fields\": [\"Price\"]}}]',10,2),(665,'2025-08-06 14:37:10.813305','20','Sniper Rifle Pencil',2,'[{\"changed\": {\"fields\": [\"Price\"]}}]',10,2),(666,'2025-08-06 14:37:10.816762','19','Sniper Rifle Pencil',2,'[{\"changed\": {\"fields\": [\"Price\"]}}]',10,2),(667,'2025-08-06 14:37:10.820279','18','Camouflage Rifle Pencil',2,'[{\"changed\": {\"fields\": [\"Price\"]}}]',10,2),(668,'2025-08-06 14:37:10.823789','17','Camouflage Rifle Pencil',2,'[{\"changed\": {\"fields\": [\"Price\"]}}]',10,2),(669,'2025-08-06 14:37:10.827332','16','Blush Pen',2,'[{\"changed\": {\"fields\": [\"Price\"]}}]',10,2),(670,'2025-08-06 14:37:10.830782','15','Blush Pen',2,'[{\"changed\": {\"fields\": [\"Price\"]}}]',10,2),(671,'2025-08-06 14:37:10.834244','14','Planting Pen',2,'[{\"changed\": {\"fields\": [\"Price\"]}}]',10,2),(672,'2025-08-06 14:37:10.837819','13','Glitter Bloom',2,'[{\"changed\": {\"fields\": [\"Price\"]}}]',10,2),(673,'2025-08-06 14:37:10.842205','12','Planting Pen',2,'[{\"changed\": {\"fields\": [\"Price\"]}}]',10,2),(674,'2025-08-06 14:38:07.854670','14','Planting Pen',2,'[{\"changed\": {\"fields\": [\"Price\"]}}]',10,2),(675,'2025-08-06 14:38:07.858246','12','Planting Pen',2,'[{\"changed\": {\"fields\": [\"Price\"]}}]',10,2),(676,'2025-08-06 14:38:45.991492','29','Sky Pouch',2,'[{\"changed\": {\"fields\": [\"Price\"]}}]',10,2),(677,'2025-08-06 14:38:45.995066','27','Star Pouch',2,'[{\"changed\": {\"fields\": [\"Price\"]}}]',10,2),(678,'2025-08-06 14:39:19.556575','40','Space Highlighters',2,'[{\"changed\": {\"fields\": [\"Price\"]}}]',10,2),(679,'2025-08-06 14:39:19.560342','37','Pop Highlighters',2,'[{\"changed\": {\"fields\": [\"Price\"]}}]',10,2),(680,'2025-08-06 14:40:22.307811','58','Alphabet Puzzle',2,'[{\"changed\": {\"fields\": [\"Discount percentage\"]}}]',10,2),(681,'2025-08-06 14:40:22.311593','53','Shape Stacker',2,'[{\"changed\": {\"fields\": [\"Price\"]}}]',10,2);
/*!40000 ALTER TABLE `django_admin_log` ENABLE KEYS */;
UNLOCK TABLES;

--
-- Table structure for table `django_content_type`
--

DROP TABLE IF EXISTS `django_content_type`;
/*!40101 SET @saved_cs_client     = @@character_set_client */;
/*!50503 SET character_set_client = utf8mb4 */;
CREATE TABLE `django_content_type` (
  `id` int NOT NULL AUTO_INCREMENT,
  `app_label` varchar(100) NOT NULL,
  `model` varchar(100) NOT NULL,
  PRIMARY KEY (`id`),
  UNIQUE KEY `django_content_type_app_label_model_76bd3d3b_uniq` (`app_label`,`model`)
) ENGINE=InnoDB AUTO_INCREMENT=18 DEFAULT CHARSET=utf8mb4 COLLATE=utf8mb4_0900_ai_ci;
/*!40101 SET character_set_client = @saved_cs_client */;

--
-- Dumping data for table `django_content_type`
--

LOCK TABLES `django_content_type` WRITE;
/*!40000 ALTER TABLE `django_content_type` DISABLE KEYS */;
INSERT INTO `django_content_type` VALUES (1,'admin','logentry'),(3,'auth','group'),(2,'auth','permission'),(4,'auth','user'),(15,'authtoken','token'),(16,'authtoken','tokenproxy'),(5,'contenttypes','contenttype'),(6,'sessions','session'),(17,'store','announcement'),(8,'store','cart'),(12,'store','cartitem'),(7,'store','category'),(9,'store','order'),(11,'store','orderitem'),(10,'store','product'),(14,'store','productimage'),(13,'store','profile');
/*!40000 ALTER TABLE `django_content_type` ENABLE KEYS */;
UNLOCK TABLES;

--
-- Table structure for table `django_migrations`
--

DROP TABLE IF EXISTS `django_migrations`;
/*!40101 SET @saved_cs_client     = @@character_set_client */;
/*!50503 SET character_set_client = utf8mb4 */;
CREATE TABLE `django_migrations` (
  `id` bigint NOT NULL AUTO_INCREMENT,
  `app` varchar(255) NOT NULL,
  `name` varchar(255) NOT NULL,
  `applied` datetime(6) NOT NULL,
  PRIMARY KEY (`id`)
) ENGINE=InnoDB AUTO_INCREMENT=34 DEFAULT CHARSET=utf8mb4 COLLATE=utf8mb4_0900_ai_ci;
/*!40101 SET character_set_client = @saved_cs_client */;

--
-- Dumping data for table `django_migrations`
--

LOCK TABLES `django_migrations` WRITE;
/*!40000 ALTER TABLE `django_migrations` DISABLE KEYS */;
INSERT INTO `django_migrations` VALUES (1,'contenttypes','0001_initial','2025-07-28 05:22:54.416046'),(2,'auth','0001_initial','2025-07-28 05:22:59.308518'),(3,'admin','0001_initial','2025-07-28 05:23:00.403021'),(4,'admin','0002_logentry_remove_auto_add','2025-07-28 05:23:00.574503'),(5,'admin','0003_logentry_add_action_flag_choices','2025-07-28 05:23:00.746339'),(6,'contenttypes','0002_remove_content_type_name','2025-07-28 05:23:01.857230'),(7,'auth','0002_alter_permission_name_max_length','2025-07-28 05:23:02.247770'),(8,'auth','0003_alter_user_email_max_length','2025-07-28 05:23:02.639057'),(9,'auth','0004_alter_user_username_opts','2025-07-28 05:23:02.810645'),(10,'auth','0005_alter_user_last_login_null','2025-07-28 05:23:03.185893'),(11,'auth','0006_require_contenttypes_0002','2025-07-28 05:23:03.342019'),(12,'auth','0007_alter_validators_add_error_messages','2025-07-28 05:23:03.513851'),(13,'auth','0008_alter_user_username_max_length','2025-07-28 05:23:03.905217'),(14,'auth','0009_alter_user_last_name_max_length','2025-07-28 05:23:04.280213'),(15,'auth','0010_alter_group_name_max_length','2025-07-28 05:23:04.623808'),(16,'auth','0011_update_proxy_permissions','2025-07-28 05:23:07.906554'),(17,'auth','0012_alter_user_first_name_max_length','2025-07-28 05:23:11.563558'),(18,'authtoken','0001_initial','2025-07-28 05:23:12.486960'),(19,'authtoken','0002_auto_20160226_1747','2025-07-28 05:23:13.080277'),(20,'authtoken','0003_tokenproxy','2025-07-28 05:23:13.252408'),(21,'authtoken','0004_alter_tokenproxy_options','2025-07-28 05:23:13.799476'),(22,'sessions','0001_initial','2025-07-28 05:23:14.472415'),(23,'store','0001_initial','2025-07-28 05:23:22.351607'),(24,'store','0002_profile','2025-07-28 05:23:23.320764'),(25,'store','0003_category_image','2025-07-28 05:23:23.680069'),(26,'store','0004_productimage','2025-07-28 05:23:24.430675'),(27,'store','0005_remove_order_address_line1_and_more','2025-07-28 05:23:25.274987'),(28,'store','0006_product_discount_percentage','2025-07-28 05:23:25.869360'),(29,'store','0007_order_delivery_charge','2025-07-28 05:23:26.807406'),(30,'store','0008_orderitem_discount_price','2025-07-28 05:23:27.184048'),(31,'store','0009_order_order_id','2025-07-28 05:23:28.230594'),(32,'store','0010_alter_order_order_id','2025-07-28 05:23:29.027042'),(33,'store','0011_announcement','2025-08-04 12:35:49.248968');
/*!40000 ALTER TABLE `django_migrations` ENABLE KEYS */;
UNLOCK TABLES;

--
-- Table structure for table `django_session`
--

DROP TABLE IF EXISTS `django_session`;
/*!40101 SET @saved_cs_client     = @@character_set_client */;
/*!50503 SET character_set_client = utf8mb4 */;
CREATE TABLE `django_session` (
  `session_key` varchar(40) NOT NULL,
  `session_data` longtext NOT NULL,
  `expire_date` datetime(6) NOT NULL,
  PRIMARY KEY (`session_key`),
  KEY `django_session_expire_date_a5c62663` (`expire_date`)
) ENGINE=InnoDB DEFAULT CHARSET=utf8mb4 COLLATE=utf8mb4_0900_ai_ci;
/*!40101 SET character_set_client = @saved_cs_client */;

--
-- Dumping data for table `django_session`
--

LOCK TABLES `django_session` WRITE;
/*!40000 ALTER TABLE `django_session` DISABLE KEYS */;
INSERT INTO `django_session` VALUES ('ks6yw8vusvej2phffde9pcvze0fuimhg','.eJxVjEEOwiAQRe_C2pDASAGX7j0DmWGmUjWQlHbVeHdt0oVu_3vvbyrhupS0dpnTxOqijDr9boT5KXUH_MB6bzq3uswT6V3RB-361lhe18P9OyjYy7cOIznwIQQgIPSDWMvOs7M2AyA5H-JgWIhBIsRMgceMjiPK2Uk0ot4f4_44fg:1uj98u:X8JOP0la80B1SOEYi4J7li4BVPJ8-7o-B-l-yMvlotg','2025-08-19 04:19:16.686621'),('l2m8a4tu0rd4x84xn462zy80xnb0b344','.eJxVjMsOgjAUBf-la9O04C2tS_d8Q3NfCGpKQmFl_HclYaHbMzPnZTJu65i3qkuexFxMMKffjZAfWnYgdyy32fJc1mUiuyv2oNX2s-jzerh_ByPW8VsDYCIN7KBzZwF2GkMYmHXgVkU9NdRIpw1wAkKMA5BEr21MnlNLnXl_AA4lOP8:1ujKvB:jSo7Hz0xoXhF3UyFofeHYhzjDQafSG28zF7o3PeqorI','2025-08-19 16:53:53.513664'),('my4dpriyqea0dc6ukno3w42ydxhckgsp','.eJxVjEsOwjAMBe-SNYra2GkwS_Y9Q5U4NimgVOpnhbg7VOoCtm9m3ssMcVvLsC0yD2M2F-PN6XdLkR9Sd5Dvsd4my1Nd5zHZXbEHXWw_ZXleD_fvoMSlfGsGTa14iSqszqk_R_CIHSREUJdy0IAtUdcAe2IkAs-oILkJQqTm_QH_Gjgj:1uiCc5:_uPw4v5Z3Y8iEULjoSZG11N6J7545MwCzUHasc6-zqk','2025-08-16 13:49:29.558722'),('qsl7elm4nkw57967h3rdxecow4k1xs85','.eJxVjDsOwjAQBe_iGlkOWa9tSvqcIfJ-jAMokfKpEHeHSCmgfTPzXqbP21r7bdG5H8RczNmcfjfK_NBxB3LP422yPI3rPJDdFXvQxXaT6PN6uH8HNS_1WzNQwy6Lh9BImzx5QFcCYoktO1XM5JGSlwjIEFDUxRBTKg64BSXz_gDfUje5:1ugcox:BugKTyZV9vcsZXkE1O8UwzeqEbzOm5YlLQMAqDysQuw','2025-08-12 05:24:15.645617'),('r3n268dv0fcj56th3tiskn1m0liw1ojp','.eJxVjMsOwiAQRf-FtSFDgVJduu83kGFmkKqBpI-V8d-1SRe6veec-1IRt7XEbZE5TqwuyqnT75aQHlJ3wHest6ap1XWekt4VfdBFj43leT3cv4OCS_nWgD0z-hzIBAIvjCFYyGdKPbAnBrJeOna9ZG8HTm4g6aw3xhpgA6TeHwWtOEc:1ui7KK:F96-dEqb51VfNSuPR0LSyvux5vxO7gAdKZeZKrwtq88','2025-08-16 08:10:48.717946'),('r872oahee1rhdzhie1cspiq6xf3ewvof','.eJxVjEEOwiAQRe_C2pDASAGX7j0DmWGmUjWQlHbVeHdt0oVu_3vvbyrhupS0dpnTxOqijDr9boT5KXUH_MB6bzq3uswT6V3RB-361lhe18P9OyjYy7cOIznwIQQgIPSDWMvOs7M2AyA5H-JgWIhBIsRMgceMjiPK2Uk0ot4f4_44fg:1ugGMt:Xe7wbUwEcW_NMFmXh20qLr2FADtF04CK_YpdHdY4Qeo','2025-08-11 05:25:47.531624'),('w4lt2w6bj1kz6isnbr0qyv3b6778vltu','.eJxVjDsOwjAQBe_iGlkOWa9tSvqcIfJ-jAMokfKpEHeHSCmgfTPzXqbP21r7bdG5H8RczNmcfjfK_NBxB3LP422yPI3rPJDdFXvQxXaT6PN6uH8HNS_1WzNQwy6Lh9BImzx5QFcCYoktO1XM5JGSlwjIEFDUxRBTKg64BSXz_gDfUje5:1uiF1n:l5CF5EC5lVrSoocnzxY8npbwVOkX49P252vtaKptdgA','2025-08-16 16:24:11.800784');
/*!40000 ALTER TABLE `django_session` ENABLE KEYS */;
UNLOCK TABLES;

--
-- Table structure for table `store_announcement`
--

DROP TABLE IF EXISTS `store_announcement`;
/*!40101 SET @saved_cs_client     = @@character_set_client */;
/*!50503 SET character_set_client = utf8mb4 */;
CREATE TABLE `store_announcement` (
  `id` bigint NOT NULL AUTO_INCREMENT,
  `message` varchar(255) NOT NULL,
  `active` tinyint(1) NOT NULL,
  PRIMARY KEY (`id`)
) ENGINE=InnoDB AUTO_INCREMENT=3 DEFAULT CHARSET=utf8mb4 COLLATE=utf8mb4_0900_ai_ci;
/*!40101 SET character_set_client = @saved_cs_client */;

--
-- Dumping data for table `store_announcement`
--

LOCK TABLES `store_announcement` WRITE;
/*!40000 ALTER TABLE `store_announcement` DISABLE KEYS */;
INSERT INTO `store_announcement` VALUES (1,' 10 Days of Free Delivery Only in Gojra! New shoppers get free shipping on all orders for the first 10 days. Start shopping today!',1);
/*!40000 ALTER TABLE `store_announcement` ENABLE KEYS */;
UNLOCK TABLES;

--
-- Table structure for table `store_cart`
--

DROP TABLE IF EXISTS `store_cart`;
/*!40101 SET @saved_cs_client     = @@character_set_client */;
/*!50503 SET character_set_client = utf8mb4 */;
CREATE TABLE `store_cart` (
  `id` bigint NOT NULL AUTO_INCREMENT,
  `created_at` datetime(6) NOT NULL,
  `user_id` int NOT NULL,
  PRIMARY KEY (`id`),
  UNIQUE KEY `user_id` (`user_id`),
  CONSTRAINT `store_cart_user_id_99e99107_fk_auth_user_id` FOREIGN KEY (`user_id`) REFERENCES `auth_user` (`id`)
) ENGINE=InnoDB AUTO_INCREMENT=9 DEFAULT CHARSET=utf8mb4 COLLATE=utf8mb4_0900_ai_ci;
/*!40101 SET character_set_client = @saved_cs_client */;

--
-- Dumping data for table `store_cart`
--

LOCK TABLES `store_cart` WRITE;
/*!40000 ALTER TABLE `store_cart` DISABLE KEYS */;
INSERT INTO `store_cart` VALUES (5,'2025-08-03 11:01:36.480193',4),(6,'2025-08-04 05:11:27.764469',2),(7,'2025-08-04 11:41:22.641520',1),(8,'2025-08-05 16:53:53.874861',6);
/*!40000 ALTER TABLE `store_cart` ENABLE KEYS */;
UNLOCK TABLES;

--
-- Table structure for table `store_cartitem`
--

DROP TABLE IF EXISTS `store_cartitem`;
/*!40101 SET @saved_cs_client     = @@character_set_client */;
/*!50503 SET character_set_client = utf8mb4 */;
CREATE TABLE `store_cartitem` (
  `id` bigint NOT NULL AUTO_INCREMENT,
  `quantity` int unsigned NOT NULL,
  `added_at` datetime(6) NOT NULL,
  `cart_id` bigint NOT NULL,
  `product_id` bigint NOT NULL,
  PRIMARY KEY (`id`),
  UNIQUE KEY `store_cartitem_cart_id_product_id_bd38e607_uniq` (`cart_id`,`product_id`),
  KEY `store_cartitem_product_id_4238d443_fk_store_product_id` (`product_id`),
  CONSTRAINT `store_cartitem_cart_id_4f60ac05_fk_store_cart_id` FOREIGN KEY (`cart_id`) REFERENCES `store_cart` (`id`),
  CONSTRAINT `store_cartitem_product_id_4238d443_fk_store_product_id` FOREIGN KEY (`product_id`) REFERENCES `store_product` (`id`),
  CONSTRAINT `store_cartitem_chk_1` CHECK ((`quantity` >= 0))
) ENGINE=InnoDB AUTO_INCREMENT=13 DEFAULT CHARSET=utf8mb4 COLLATE=utf8mb4_0900_ai_ci;
/*!40101 SET character_set_client = @saved_cs_client */;

--
-- Dumping data for table `store_cartitem`
--

LOCK TABLES `store_cartitem` WRITE;
/*!40000 ALTER TABLE `store_cartitem` DISABLE KEYS */;
/*!40000 ALTER TABLE `store_cartitem` ENABLE KEYS */;
UNLOCK TABLES;

--
-- Table structure for table `store_category`
--

DROP TABLE IF EXISTS `store_category`;
/*!40101 SET @saved_cs_client     = @@character_set_client */;
/*!50503 SET character_set_client = utf8mb4 */;
CREATE TABLE `store_category` (
  `id` bigint NOT NULL AUTO_INCREMENT,
  `name` varchar(100) NOT NULL,
  `slug` varchar(100) NOT NULL,
  `description` longtext NOT NULL,
  `image` varchar(100) DEFAULT NULL,
  PRIMARY KEY (`id`),
  UNIQUE KEY `name` (`name`),
  UNIQUE KEY `slug` (`slug`)
) ENGINE=InnoDB AUTO_INCREMENT=14 DEFAULT CHARSET=utf8mb4 COLLATE=utf8mb4_0900_ai_ci;
/*!40101 SET character_set_client = @saved_cs_client */;

--
-- Dumping data for table `store_category`
--

LOCK TABLES `store_category` WRITE;
/*!40000 ALTER TABLE `store_category` DISABLE KEYS */;
INSERT INTO `store_category` VALUES (1,'Pencils','Pencils','Discover premium notebooks and stylish journals perfect for students, writers, and professionals.','categories/ChatGPT_Image_Aug_4_2025_11_41_23_AM.webp'),(3,'pens','Pens','Aesthetic and cute pens that add charm and color to your everyday writing.','categories/ChatGPT_Image_Aug_4_2025_12_02_00_PM.webp'),(4,'POUCH','pouch','','categories/ChatGPT_Image_Aug_4_2025_11_12_47_AM.webp'),(5,'Highlighter','highlighter','','categories/ChatGPT_Image_Aug_4_2025_12_18_17_PM.webp'),(6,'Geometry Box','geometry','','categories/ChatGPT_Image_Aug_4_2025_07_33_52_AM.webp'),(7,'Note Books','note-books','','categories/IMG_8127.webp'),(8,'Educational Toys','educationaltoys','','categories/ChatGPT_Image_Aug_3_2025_10_15_16_PM.webp'),(9,'Key Rings','key-rings','','categories/Kawaii_Kuromi_Keychain_and_Strap_1.webp'),(10,'Sticky Notes','sticky-notes','','categories/Pastel_Heart-Shaped_Sticky_Notes.webp'),(11,'Stationery Set','stationary-set','','categories/ChatGPT_Image_Aug_3_2025_06_28_59_PM.webp'),(13,'Kids special','kids-special','','categories/ChatGPT_Image_Aug_4_2025_10_08_04_PM.webp');
/*!40000 ALTER TABLE `store_category` ENABLE KEYS */;
UNLOCK TABLES;

--
-- Table structure for table `store_order`
--

DROP TABLE IF EXISTS `store_order`;
/*!40101 SET @saved_cs_client     = @@character_set_client */;
/*!50503 SET character_set_client = utf8mb4 */;
CREATE TABLE `store_order` (
  `id` bigint NOT NULL AUTO_INCREMENT,
  `full_name` varchar(200) NOT NULL,
  `email` varchar(254) NOT NULL,
  `phone_number` varchar(20) NOT NULL,
  `city` varchar(100) NOT NULL,
  `postal_code` varchar(20) NOT NULL,
  `country` varchar(100) NOT NULL,
  `status` varchar(20) NOT NULL,
  `total_price` decimal(10,2) NOT NULL,
  `created_at` datetime(6) NOT NULL,
  `updated_at` datetime(6) NOT NULL,
  `user_id` int DEFAULT NULL,
  `complete_address` longtext NOT NULL DEFAULT (_utf8mb4'Address not provided'),
  `delivery_charge` decimal(10,2) NOT NULL,
  `order_id` varchar(8) NOT NULL,
  PRIMARY KEY (`id`),
  UNIQUE KEY `order_id` (`order_id`),
  KEY `store_order_user_id_ae5f7a5f_fk_auth_user_id` (`user_id`),
  CONSTRAINT `store_order_user_id_ae5f7a5f_fk_auth_user_id` FOREIGN KEY (`user_id`) REFERENCES `auth_user` (`id`)
) ENGINE=InnoDB AUTO_INCREMENT=7 DEFAULT CHARSET=utf8mb4 COLLATE=utf8mb4_0900_ai_ci;
/*!40101 SET character_set_client = @saved_cs_client */;

--
-- Dumping data for table `store_order`
--

LOCK TABLES `store_order` WRITE;
/*!40000 ALTER TABLE `store_order` DISABLE KEYS */;
/*!40000 ALTER TABLE `store_order` ENABLE KEYS */;
UNLOCK TABLES;

--
-- Table structure for table `store_orderitem`
--

DROP TABLE IF EXISTS `store_orderitem`;
/*!40101 SET @saved_cs_client     = @@character_set_client */;
/*!50503 SET character_set_client = utf8mb4 */;
CREATE TABLE `store_orderitem` (
  `id` bigint NOT NULL AUTO_INCREMENT,
  `quantity` int unsigned NOT NULL,
  `price` decimal(10,2) NOT NULL,
  `order_id` bigint NOT NULL,
  `product_id` bigint DEFAULT NULL,
  `discount_price` decimal(10,2) DEFAULT NULL,
  PRIMARY KEY (`id`),
  KEY `store_orderitem_order_id_acf8722d_fk_store_order_id` (`order_id`),
  KEY `store_orderitem_product_id_f2b098d4_fk_store_product_id` (`product_id`),
  CONSTRAINT `store_orderitem_order_id_acf8722d_fk_store_order_id` FOREIGN KEY (`order_id`) REFERENCES `store_order` (`id`),
  CONSTRAINT `store_orderitem_product_id_f2b098d4_fk_store_product_id` FOREIGN KEY (`product_id`) REFERENCES `store_product` (`id`),
  CONSTRAINT `store_orderitem_chk_1` CHECK ((`quantity` >= 0))
) ENGINE=InnoDB AUTO_INCREMENT=7 DEFAULT CHARSET=utf8mb4 COLLATE=utf8mb4_0900_ai_ci;
/*!40101 SET character_set_client = @saved_cs_client */;

--
-- Dumping data for table `store_orderitem`
--

LOCK TABLES `store_orderitem` WRITE;
/*!40000 ALTER TABLE `store_orderitem` DISABLE KEYS */;
/*!40000 ALTER TABLE `store_orderitem` ENABLE KEYS */;
UNLOCK TABLES;

--
-- Table structure for table `store_product`
--

DROP TABLE IF EXISTS `store_product`;
/*!40101 SET @saved_cs_client     = @@character_set_client */;
/*!50503 SET character_set_client = utf8mb4 */;
CREATE TABLE `store_product` (
  `id` bigint NOT NULL AUTO_INCREMENT,
  `name` varchar(200) NOT NULL,
  `slug` varchar(200) NOT NULL,
  `description` longtext NOT NULL,
  `image` varchar(100) DEFAULT NULL,
  `price` decimal(10,2) NOT NULL,
  `stock` int unsigned NOT NULL,
  `available` tinyint(1) NOT NULL,
  `created_at` datetime(6) NOT NULL,
  `updated_at` datetime(6) NOT NULL,
  `category_id` bigint NOT NULL,
  `discount_percentage` int unsigned NOT NULL,
  PRIMARY KEY (`id`),
  UNIQUE KEY `slug` (`slug`),
  KEY `store_produ_id_2abda1_idx` (`id`,`slug`),
  KEY `store_product_category_id_574bae65_fk_store_category_id` (`category_id`),
  CONSTRAINT `store_product_category_id_574bae65_fk_store_category_id` FOREIGN KEY (`category_id`) REFERENCES `store_category` (`id`),
  CONSTRAINT `store_product_chk_1` CHECK ((`stock` >= 0)),
  CONSTRAINT `store_product_chk_2` CHECK ((`discount_percentage` >= 0))
) ENGINE=InnoDB AUTO_INCREMENT=85 DEFAULT CHARSET=utf8mb4 COLLATE=utf8mb4_0900_ai_ci;
/*!40101 SET character_set_client = @saved_cs_client */;

--
-- Dumping data for table `store_product`
--

LOCK TABLES `store_product` WRITE;
/*!40000 ALTER TABLE `store_product` DISABLE KEYS */;
INSERT INTO `store_product` VALUES (12,'Planting Pen','Planting-Pen','This pastel blue pen features adorable planting-themed illustrations and rose gold accents for a charming desk companion.','products/ChatGPT_Image_Aug_4_2025_11_52_25_AM.webp',360.00,5,1,'2025-08-01 04:43:54.203353','2025-08-06 14:38:07.856392',3,25),(13,'Glitter Bloom','Glitter-Bloom','This dreamy pink fountain pen sparkles with floating glitter and cherry blossom details for the prettiest handwriting moments.','products/ChatGPT_Image_Aug_4_2025_10_38_35_AM.webp',400.00,10,1,'2025-08-01 04:44:30.951202','2025-08-06 14:37:10.835964',3,25),(14,'Planting Pen','Planting-Pens','This pastel blue pen features adorable planting-themed illustrations and rose gold accents for a charming desk companion.','products/ChatGPT_Image_Aug_4_2025_10_45_13_AM.webp',360.00,5,1,'2025-08-01 04:45:03.185756','2025-08-06 14:38:07.852679',3,25),(15,'Blush Pen','Blush--Pen','This elegant fountain pen features a soft matte pink body with silver accents for a perfectly polished writing experience.','products/ChatGPT_Image_Aug_4_2025_10_35_57_AM.webp',440.00,3,1,'2025-08-01 04:45:37.791522','2025-08-06 14:37:10.828957',3,25),(16,'Blush Pen','Blush--Pens','This elegant fountain pen features a soft matte pink body with silver accents for a perfectly polished writing experience.','products/ChatGPT_Image_Aug_4_2025_09_24_16_AM.webp',440.00,3,1,'2025-08-01 04:46:23.619899','2025-08-06 14:37:10.825489',3,25),(17,'Camouflage Rifle Pencil','gun-pencil','This sleek  Balpoint with a grey camo design turns everyday writing into a bold, playful statement.','products/ChatGPT_Image_Aug_4_2025_11_30_44_AM.webp',200.00,1,1,'2025-08-01 05:05:13.407497','2025-08-06 14:37:10.821968',1,25),(18,'Camouflage Rifle Pencil','gun--pencil','This sleek black Balpoint with a grey camo design turns everyday writing into a bold, playful statement.','products/ChatGPT_Image_Aug_4_2025_08_55_51_AM.webp',200.00,1,1,'2025-08-01 05:06:13.246106','2025-08-06 14:37:10.818458',1,25),(19,'Sniper Rifle Pencil','gunpencils','This pen\'s bold sniper-rifle design and metallic purple finish make it a standout collectible with a creative twist.','products/ChatGPT_Image_Aug_4_2025_09_11_25_AM.webp',300.00,1,1,'2025-08-01 05:06:54.801645','2025-08-06 14:37:10.814917',1,25),(20,'Sniper Rifle Pencil','gunpencil','This pen\'s bold sniper-rifle design and metallic purple finish make it a standout collectible with a creative twist.','products/ChatGPT_Image_Aug_4_2025_11_34_25_AM.webp',300.00,1,1,'2025-08-01 05:07:24.635814','2025-08-06 14:37:10.811453',1,25),(21,'Yellow Zing','pencil','This bright yellow pen features an adorable giraffe charm shaped like a Z, bringing a wild twist to your everyday writing.','products/ChatGPT_Image_Aug_4_2025_09_21_23_AM.webp',200.00,10,1,'2025-08-01 05:07:55.613019','2025-08-05 09:34:50.388857',1,25),(22,'Wiggle Smile','pencils','This soft pink pen features a quirky smiling charm that adds a pop of playful personality to your desk setup.','products/ChatGPT_Image_Aug_4_2025_09_04_30_AM.webp',200.00,10,1,'2025-08-01 05:09:43.081214','2025-08-05 09:34:50.385165',1,25),(23,'Ducky Drift','Ducky-Drift','This pastel blue pen features a playful bird charm that brings a touch of whimsy to your everyday writing.','products/ChatGPT_Image_Aug_4_2025_09_17_40_AM.webp',200.00,10,1,'2025-08-01 05:10:13.696615','2025-08-05 09:34:50.381688',1,25),(24,'Cozy Friends','pouch','This soft lilac pouch with stitched hearts and playful badges brings warmth and charm to your everyday essentials.','products/ChatGPT_Image_Aug_4_2025_08_51_53_AM.webp',660.00,2,1,'2025-08-01 05:32:52.423912','2025-08-06 14:37:10.807977',4,25),(25,'Heart Pouch','pouchs','This puffy pink pouch with silver hearts and playful With Time Friends badges adds a fun, cozy vibe to your stationery stash.','products/ChatGPT_Image_Aug_4_2025_08_42_08_AM.webp',660.00,2,1,'2025-08-01 05:33:03.543392','2025-08-06 14:37:10.804417',4,25),(27,'Star Pouch','pouchb','This soft pink pouch with delicate embroidery, sparkly quilting, and a stitched star charm brings subtle sparkle to your storage.','products/ChatGPT_Image_Aug_4_2025_08_35_35_AM.webp',560.00,2,1,'2025-08-01 05:35:06.265195','2025-08-06 14:38:45.993192',4,25),(28,'Pink Kitty','pouch-Kitty','This sweet pink case features classic Hello Kitty illustrations with floral and cake details, perfect for cute and tidy storage.','products/ChatGPT_Image_Aug_4_2025_08_31_46_AM.webp',1000.00,2,1,'2025-08-01 05:35:48.444935','2025-08-06 14:37:10.797500',4,25),(29,'Sky Pouch','pouchd','This pastel blue pouch with quilted details and floral embroidery adds soft charm and sweet organization to your stationery setup.','products/ChatGPT_Image_Aug_4_2025_08_14_23_AM.webp',560.00,2,1,'2025-08-01 05:36:40.532202','2025-08-06 14:38:45.989556',4,25),(30,'Lavender Pouch','pouche','This lilac floral pouch with quilted texture and embroidered charm brings sweet elegance to your stationery collection.','products/ChatGPT_Image_Aug_4_2025_08_10_30_AM.webp',800.00,2,1,'2025-08-01 05:37:23.768931','2025-08-06 14:37:10.789553',4,25),(31,'Blossom Pouch','pouchf','This soft pink floral pouch with quilted accents and delicate embroidery brings vintage charm to your everyday essentials.','products/ChatGPT_Image_Aug_4_2025_08_00_58_AM.webp',800.00,2,1,'2025-08-01 05:38:15.618238','2025-08-06 14:37:10.785999',4,25),(32,'Kitty Case','pouchg','This adorable lavender case features sweet Hello Kitty artwork, perfect for storing your pens in the cutest way possible.','products/ChatGPT_Image_Aug_4_2025_08_47_05_AM.webp',1000.00,2,1,'2025-08-01 05:41:10.301314','2025-08-06 14:37:10.782451',4,25),(33,'Kawaii Stamps','highlightersa','This colorful set of pastel character stamps brings joy to every page with adorable faces and playful pop-on lids.','products/ChatGPT_Image_Aug_4_2025_12_22_36_PM.webp',400.00,3,1,'2025-08-01 06:05:13.263673','2025-08-05 09:34:50.378010',5,25),(34,'Art Markers','highlighterb','A vibrant set of 12 double-headed markers packed in a cute carry caseperfect for sketching, coloring, and creating wild masterpieces!','products/ChatGPT_Image_Aug_3_2025_06_21_36_PM.webp',1000.00,2,1,'2025-08-01 06:06:13.639007','2025-08-04 12:43:06.439588',5,25),(35,'Color Kit','Colors','A fun-filled all-in-one coloring kit packed with crayons, pencils, markers, and moreperfect for endless creativity!','products/ChatGPT_Image_Aug_4_2025_07_50_04_AM.webp',1000.00,1,1,'2025-08-01 06:07:29.542305','2025-08-05 09:34:50.374148',5,25),(36,'Color kit','colorskitz','A fun-filled all-in-one coloring kit packed with crayons, pencils, markers, and moreperfect for endless creativity!','products/ChatGPT_Image_Aug_4_2025_07_53_30_AM.webp',1000.00,1,1,'2025-08-01 06:08:37.925331','2025-08-05 09:34:50.370305',5,25),(37,'Pop Highlighters','highla','Brighten up your notes with these fun popsicle-shaped highlighters in vibrant, juicy colors!','products/ChatGPT_Image_Aug_4_2025_07_41_14_AM_XD7UlPa.webp',560.00,6,1,'2025-08-01 06:09:38.490052','2025-08-06 14:39:19.558435',5,25),(38,'Bunny Highlighters','highlb','These pastel bunny highlighters bring a splash of color and cuteness to every page!','products/ChatGPT_Image_Aug_4_2025_12_12_10_PM.webp',680.00,6,1,'2025-08-01 06:10:30.694093','2025-08-06 14:37:10.775412',5,25),(39,'Kuromi Highlighters','highC','Add attitude to your notes with these bold and playful Kuromi-themed highlighters!','products/ChatGPT_Image_Aug_4_2025_07_44_03_AM.webp',700.00,6,1,'2025-08-01 06:11:15.364563','2025-08-06 14:37:10.771807',5,25),(40,'Space Highlighters','highd','Explore colorful galaxies with every stroke using these adorable astronaut-themed highlighters!','products/ChatGPT_Image_Aug_4_2025_07_46_57_AM.webp',560.00,6,1,'2025-08-01 06:12:02.846377','2025-08-06 14:39:19.554556',5,25),(41,'Truck Box','truckgeometrybox','This pastel pink truck-shaped geometry box rolls in with cuteness and compartments to keep your stationery ride-ready!','products/ChatGPT_Image_Aug_4_2025_07_30_54_AM.webp',640.00,1,1,'2025-08-01 11:26:39.460526','2025-08-06 14:37:10.764699',6,25),(42,'Truck Box','truckgeometry','This pastel blue truck-shaped geometry box rolls in with cuteness and compartments to keep your stationery ride-ready!','products/ChatGPT_Image_Aug_4_2025_07_21_51_AM.webp',640.00,1,1,'2025-08-01 11:31:36.810737','2025-08-06 14:37:10.761053',6,25),(43,'Speed Box','geometrya','A dynamic Cars-themed geometry box built for speed and storage, perfect for every little racers desk!','products/ChatGPT_Image_Aug_3_2025_11_00_23_PM.webp',300.00,1,1,'2025-08-01 11:55:21.786741','2025-08-06 14:37:10.757351',6,25),(44,'Unicorn Box','geometryB','A pastel-toned unicorn geometry box with dreamy details to brighten up any stationery collection.','products/ChatGPT_Image_Aug_4_2025_07_18_39_AM.webp',300.00,1,1,'2025-08-01 11:58:20.034198','2025-08-06 14:37:10.753692',6,25),(46,'Idea Notebook','notebooka','A spiral A4 notebook with colorful index dividers and a creative \"Business Idea\" cover design, perfect for organizing big thoughts.','products/IMG_8127.PNG',1500.00,1,1,'2025-08-01 13:29:56.962003','2025-08-05 09:34:50.336943',7,25),(47,'Article Notebook','notebookb','A minimal, pastel-toned spiral notebook with alphabetical tabsdesigned for structured, eye-friendly writing.','products/ChatGPT_Image_Aug_3_2025_10_53_40_PM.webp',860.00,2,1,'2025-08-01 13:31:24.877378','2025-08-06 14:37:10.750064',7,25),(50,'Inspire Notebook','notebooke','A lavender gradient spiral notebook with motivational quotesperfect for journaling or school notes.','products/ChatGPT_Image_Aug_3_2025_10_48_08_PM.webp',400.00,2,1,'2025-08-01 13:35:59.261815','2025-08-06 14:37:10.746571',7,25),(51,'Tweed Journal','astheticdairy','Elegant spiral-bound notebook with a tweed fabric cover, soft floral embellishment, and decorative ribbonideal for stylish journaling or gifting.','products/Tweed_Notebook_with_Flower_and_Bow.webp',1200.00,1,1,'2025-08-01 13:40:38.128704','2025-08-06 14:37:10.743070',7,25),(52,'Koala Carnival','cuteminidairy','A cute, pastel-themed spiral notebook set featuring playful koalas, balloons, and sweetsperfect for kids or kawaii stationery lovers.','products/ChatGPT_Image_Aug_3_2025_10_35_18_PM.webp',200.00,2,1,'2025-08-01 13:42:00.575584','2025-08-04 13:08:56.788214',7,25),(53,'Shape Stacker','educationaltoya','A colorful wooden puzzle board featuring stackable square, triangle, and circle shapesperfect for early learning and fun!','products/ChatGPT_Image_Aug_4_2025_01_03_50_PM.webp',580.00,2,1,'2025-08-02 03:10:50.333340','2025-08-06 14:40:22.309708',8,25),(54,'Plane Puzzle','educationaltoyb','A vibrant, numbered wooden jigsaw puzzle in the shape of an airplaneideal for early counting and shape recognition fun!','products/ChatGPT_Image_Aug_3_2025_10_27_42_PM.webp',460.00,2,1,'2025-08-02 03:12:22.334312','2025-08-06 14:37:10.735960',8,25),(55,'Shape Sorter','educationalc','A colorful wooden stacking puzzle with geometric shapesperfect for developing fine motor skills, shape recognition, and color learning.','products/ChatGPT_Image_Aug_3_2025_10_24_05_PM.webp',1000.00,2,1,'2025-08-02 03:13:48.634723','2025-08-06 14:37:10.732245',8,25),(56,'Aqua Friends','eductionalf','Colorful wooden animal puzzle designed to boost toddlers\' motor skills and shape recognition.','products/IMG_8126.webp',400.00,2,1,'2025-08-02 03:14:57.302237','2025-08-06 14:37:10.728734',8,25),(57,'Digits Puzzle Board','educationalg','Vibrant wooden puzzle board with numbers, shapes, and math symbols to spark early learning and creativity.','products/ChatGPT_Image_Aug_3_2025_10_06_51_PM.webp',400.00,2,1,'2025-08-02 03:15:42.607101','2025-08-06 14:37:10.725260',8,25),(58,'Alphabet Puzzle','educationalh','Colorful wooden alphabet puzzle board to make letter learning interactive and fun for young minds.','products/ChatGPT_Image_Aug_3_2025_10_11_33_PM.webp',400.00,2,1,'2025-08-02 03:17:28.843080','2025-08-06 14:40:22.305749',8,25),(59,'Interactive Learning Book','educationalk','A fun, sound-enabled educational book that helps kids learn alphabets, differences, and basic words through playful interaction.','products/ChatGPT_Image_Aug_3_2025_10_20_09_PM.webp',2200.00,1,1,'2025-08-02 03:18:37.994371','2025-08-05 09:34:50.329199',8,25),(60,'Hello Tape','AstheticTape','Cute Hello Kitty-themed decorative tapes perfect for journaling, crafts, and DIY fun.','products/ChatGPT_Image_Aug_3_2025_09_46_08_PM.webp',260.00,9,1,'2025-08-02 03:28:28.407708','2025-08-06 14:37:10.718219',9,25),(61,'Pastel Tape','tapess','Elegant pastel-themed washi tapes ideal for decorating notebooks, scrapbooks, and planners.','products/ChatGPT_Image_Aug_3_2025_09_50_11_PM.webp',1200.00,1,1,'2025-08-02 03:30:39.113922','2025-08-06 14:37:10.714736',9,25),(62,'Vintage Tape','tapese','Black and white themed washi tapes perfect for journaling, collages, and aesthetic crafts.','products/ChatGPT_Image_Aug_3_2025_09_42_09_PM.webp',1000.00,1,1,'2025-08-02 03:31:34.318183','2025-08-05 09:34:50.318008',9,25),(63,'Timed Keychain','key-rings-digital-time','Cute DIY keychain with tiny accessories and timer, perfect for kids backpacks or pencil cases.','products/ChatGPT_Image_Aug_3_2025_09_57_32_PM.webp',800.00,2,1,'2025-08-02 03:32:45.607455','2025-08-06 14:37:10.711314',9,25),(64,'Cherry Combo Lock','digital-bag-locker','Cute cherry-themed combination lock for securing bags, diaries, or lockers with style.','products/ChatGPT_Image_Aug_3_2025_10_39_01_PM.webp',400.00,6,1,'2025-08-02 03:34:08.819517','2025-08-06 14:37:10.707716',9,25),(65,'Bunny Mug Calculator Keychain','calculater-key-ring','Cute bunny-themed keychain with a built-in calculator, styled like a pink mug for everyday charm and function.','products/ChatGPT_Image_Aug_3_2025_10_01_21_PM.webp',380.00,2,1,'2025-08-02 03:35:01.102151','2025-08-06 14:37:10.704227',9,25),(66,'Kuromi Caluclater Keychain','caluclater-key-rings','Adorable Kuromi-themed keychain with a mini calculatorperfect for cute and practical on-the-go use.','products/Kawaii_Kuromi_Keychain_and_Strap_1.webp',400.00,2,1,'2025-08-02 03:35:44.613032','2025-08-06 14:37:10.700500',9,25),(67,'Mini Soap Confetti','soap','Colorful single-use soap flakes in cute test tube jarsperfect for travel and hygiene on-the-go.','products/Pastel_Confetti_Tubes_with_Cute_Characters_1.webp',200.00,24,1,'2025-08-02 03:43:50.562564','2025-08-05 09:34:50.310584',10,25),(68,'Astro Duo Sharpener','shopran','Cute astronaut-themed combo sharpener and eraserperfect for school and pencil cases.','products/ChatGPT_Image_Aug_3_2025_06_37_47_PM.webp',200.00,24,1,'2025-08-02 03:44:37.359592','2025-08-06 14:37:10.696624',10,25),(69,'Floral Bloom Stickers','sticker','Elegant 3D flower stickers perfect for journaling, scrapbooking, and gift decorating.','products/ChatGPT_Image_Aug_3_2025_06_44_54_PM.webp',320.00,2,1,'2025-08-02 03:45:28.965965','2025-08-06 14:37:10.693028',10,25),(70,'Romantic Time Sticker Book','sticker-book','Aesthetic sticker book with 12 sheets of cozy lifestyle and cat-themed designs for journaling and decorating.','products/ChatGPT_Image_Aug_4_2025_01_18_58_PM.webp',400.00,2,1,'2025-08-02 03:47:37.327917','2025-08-06 14:37:10.689407',10,25),(72,'Pastel Heart-Shaped Sticky Notes','sticky-notes','Adorable heart-shaped sticky notes with soft pastel bunny design, perfect for cute reminders and journaling.','products/Pastel_Heart-Shaped_Sticky_Notes.webp',160.00,24,1,'2025-08-02 03:49:18.703170','2025-08-06 14:37:10.685799',10,25),(75,'Disney Cars Stationery Gift Set','stationary-setb','A fun-filled Disney Cars stationery kit featuring a watch, notebook, pencil, sharpener, and more  perfect for little racers!','products/IMG_8075.PNG',400.00,2,1,'2025-08-02 04:01:46.672697','2025-08-06 14:37:10.682225',11,25),(76,'Unicorn Fantasy Stationery Set','Fantasy-set','Magical unicorn-themed stationery set with pencils, eraser, sharpener, and cute notebook for dreamy little artists.','products/ChatGPT_Image_Aug_4_2025_09_52_41_AM.webp',400.00,2,1,'2025-08-02 04:04:24.292183','2025-08-06 14:37:10.678742',11,25),(77,'Traffic Vehicle Eraser Set','Eraser-set','Fun and colorful traffic-themed eraser set featuring cars, planes, boats, and more for creative young minds.','products/ChatGPT_Image_Aug_3_2025_06_33_23_PM.webp',1280.00,1,1,'2025-08-02 04:08:22.466515','2025-08-06 14:37:10.675307',11,25),(78,'Fairytale Palace Eraser Set','FairytaleEraser-set','Magical pastel eraser set featuring castles, unicorns, crowns, and whimsical characters for fairytale-themed fun.','products/ChatGPT_Image_Aug_3_2025_06_28_59_PM.webp',1280.00,1,1,'2025-08-02 04:10:39.554826','2025-08-06 14:37:10.671828',11,25),(79,'Popcorn Baby Coin Box','coin-locker','Adorable popcorn-themed metal tin box shaped like a houseperfect for storing tiny treasures or treats.','products/ChatGPT_Image_Aug_3_2025_06_49_01_PM_lG0GyoR.webp',400.00,2,1,'2025-08-02 06:34:15.895193','2025-08-06 14:37:10.668392',13,25),(80,'Cute Train-Shaped LED Study Lamp','train-lamp','Adorable pastel train-shaped LED lamp with storage spaceideal for kids\' desks and bedtime reading.','products/ChatGPT_Image_Aug_3_2025_10_43_16_PM.webp',1200.00,1,1,'2025-08-02 06:35:57.439654','2025-08-06 14:37:10.665021',13,25),(81,'Camera Lamp','Camera-lamp','Fun camera-shaped LED lamp with pen holderperfect for brightening up any creative workspace or kids\' room.','products/ChatGPT_Image_Aug_3_2025_06_21_47_PM.webp',1200.00,1,1,'2025-08-02 06:37:40.318587','2025-08-06 14:37:10.661732',13,25),(82,'Bird LED Night Lamp','bird-lamp','Adorable bird-shaped LED night lamp with soft glowperfect for kids bedtime and cozy spaces.','products/ChatGPT_Image_Aug_3_2025_06_21_41_PM.webp',600.00,2,1,'2025-08-02 06:39:29.865872','2025-08-06 14:37:10.658252',13,25),(83,'Frozen Princess ATM Piggy Bank','atm-locker','Secure your savings with this Frozen-themed electronic piggy bank featuring a keypad and fingerprint sensor.','products/Untitled_design_1.png',3600.00,1,1,'2025-08-02 06:40:30.677695','2025-08-06 14:37:10.654693',13,25),(84,'Blush Pen','BlushPen','This elegant fountain pen features a soft matte pink body with silver accents for a perfectly polished writing experience.','products/IMG_8116.webp',440.00,3,1,'2025-08-02 16:53:39.821733','2025-08-06 14:37:10.645540',3,25);
/*!40000 ALTER TABLE `store_product` ENABLE KEYS */;
UNLOCK TABLES;

--
-- Table structure for table `store_productimage`
--

DROP TABLE IF EXISTS `store_productimage`;
/*!40101 SET @saved_cs_client     = @@character_set_client */;
/*!50503 SET character_set_client = utf8mb4 */;
CREATE TABLE `store_productimage` (
  `id` bigint NOT NULL AUTO_INCREMENT,
  `image` varchar(100) NOT NULL,
  `alt_text` varchar(255) NOT NULL,
  `product_id` bigint NOT NULL,
  PRIMARY KEY (`id`),
  KEY `store_productimage_product_id_e50e4046_fk_store_product_id` (`product_id`),
  CONSTRAINT `store_productimage_product_id_e50e4046_fk_store_product_id` FOREIGN KEY (`product_id`) REFERENCES `store_product` (`id`)
) ENGINE=InnoDB AUTO_INCREMENT=90 DEFAULT CHARSET=utf8mb4 COLLATE=utf8mb4_0900_ai_ci;
/*!40101 SET character_set_client = @saved_cs_client */;

--
-- Dumping data for table `store_productimage`
--

LOCK TABLES `store_productimage` WRITE;
/*!40000 ALTER TABLE `store_productimage` DISABLE KEYS */;
INSERT INTO `store_productimage` VALUES (16,'products/gallery/ChatGPT_Image_Aug_4_2025_10_38_35_AM.webp','',13),(17,'products/gallery/ChatGPT_Image_Aug_4_2025_10_45_13_AM.webp','',14),(18,'products/gallery/ChatGPT_Image_Aug_4_2025_10_35_57_AM.webp','',15),(19,'products/gallery/ChatGPT_Image_Aug_4_2025_09_24_16_AM.webp','',16),(20,'products/gallery/ChatGPT_Image_Aug_4_2025_11_30_44_AM.webp','',17),(21,'products/gallery/ChatGPT_Image_Aug_4_2025_09_11_25_AM.webp','',19),(22,'products/gallery/ChatGPT_Image_Aug_4_2025_11_34_25_AM.webp','',20),(23,'products/gallery/ChatGPT_Image_Aug_4_2025_09_21_23_AM.webp','',21),(24,'products/gallery/ChatGPT_Image_Aug_4_2025_09_17_40_AM.webp','',23),(25,'products/gallery/ChatGPT_Image_Aug_4_2025_08_55_51_AM.webp','',18),(26,'products/gallery/ChatGPT_Image_Aug_4_2025_09_04_30_AM.webp','',22),(27,'products/gallery/ChatGPT_Image_Aug_4_2025_08_51_53_AM.webp','',24),(28,'products/gallery/ChatGPT_Image_Aug_4_2025_08_35_35_AM.webp','',27),(29,'products/gallery/ChatGPT_Image_Aug_4_2025_08_31_46_AM.webp','',28),(30,'products/gallery/ChatGPT_Image_Aug_4_2025_08_14_23_AM.webp','',29),(31,'products/gallery/ChatGPT_Image_Aug_4_2025_08_10_30_AM.webp','',30),(32,'products/gallery/ChatGPT_Image_Aug_4_2025_08_00_58_AM.webp','',31),(33,'products/gallery/ChatGPT_Image_Aug_4_2025_08_47_05_AM.png','',32),(34,'products/gallery/ChatGPT_Image_Aug_4_2025_08_42_08_AM.webp','',25),(36,'products/gallery/ChatGPT_Image_Aug_4_2025_12_22_36_PM.webp','',33),(37,'products/gallery/ChatGPT_Image_Aug_3_2025_06_21_36_PM.webp','',34),(38,'products/gallery/ChatGPT_Image_Aug_4_2025_07_50_04_AM.webp','',35),(39,'products/gallery/ChatGPT_Image_Aug_4_2025_07_53_30_AM.webp','',36),(40,'products/gallery/ChatGPT_Image_Aug_4_2025_07_41_14_AM_4W2vQNp.webp','',37),(41,'products/gallery/ChatGPT_Image_Aug_4_2025_12_12_10_PM.webp','',38),(42,'products/gallery/ChatGPT_Image_Aug_4_2025_07_44_03_AM.webp','',39),(43,'products/gallery/ChatGPT_Image_Aug_4_2025_07_46_57_AM.webp','',40),(44,'products/gallery/IMG_7968.PNG','',37),(45,'products/gallery/ChatGPT_Image_Aug_4_2025_07_30_54_AM.webp','',41),(46,'products/gallery/ChatGPT_Image_Aug_4_2025_07_21_51_AM.webp','',42),(47,'products/gallery/ChatGPT_Image_Aug_3_2025_11_00_23_PM.webp','',43),(48,'products/gallery/ChatGPT_Image_Aug_4_2025_07_18_39_AM.webp','',44),(50,'products/gallery/IMG_8127.PNG','',46),(51,'products/gallery/ChatGPT_Image_Aug_3_2025_10_53_40_PM.webp','',47),(53,'products/gallery/ChatGPT_Image_Aug_3_2025_10_48_08_PM.webp','',50),(54,'products/gallery/Tweed_Notebook_with_Flower_and_Bow.webp','',51),(55,'products/gallery/ChatGPT_Image_Aug_3_2025_10_35_18_PM.webp','',52),(56,'products/gallery/ChatGPT_Image_Aug_4_2025_11_52_25_AM.webp','',12),(57,'products/gallery/ChatGPT_Image_Aug_4_2025_01_03_50_PM.webp','',53),(58,'products/gallery/ChatGPT_Image_Aug_3_2025_10_27_42_PM.webp','',54),(59,'products/gallery/ChatGPT_Image_Aug_3_2025_10_24_05_PM.webp','',55),(60,'products/gallery/IMG_8126.webp','',56),(61,'products/gallery/ChatGPT_Image_Aug_3_2025_10_11_33_PM.webp','',58),(62,'products/gallery/ChatGPT_Image_Aug_3_2025_10_15_16_PM.webp','',59),(63,'products/gallery/ChatGPT_Image_Aug_3_2025_10_06_51_PM.webp','',57),(64,'products/gallery/ChatGPT_Image_Aug_3_2025_09_46_08_PM.webp','',60),(65,'products/gallery/ChatGPT_Image_Aug_3_2025_09_50_11_PM.webp','',61),(66,'products/gallery/ChatGPT_Image_Aug_3_2025_09_42_09_PM.webp','',62),(67,'products/gallery/ChatGPT_Image_Aug_3_2025_09_57_32_PM.webp','',63),(68,'products/gallery/ChatGPT_Image_Aug_3_2025_10_39_01_PM.webp','',64),(69,'products/gallery/ChatGPT_Image_Aug_3_2025_10_01_21_PM.webp','',65),(70,'products/gallery/Kawaii_Kuromi_Keychain_and_Strap_1.webp','',66),(71,'products/gallery/Pastel_Confetti_Tubes_with_Cute_Characters_1.webp','',67),(72,'products/gallery/ChatGPT_Image_Aug_3_2025_06_37_47_PM.webp','',68),(73,'products/gallery/ChatGPT_Image_Aug_3_2025_06_44_54_PM.webp','',69),(74,'products/gallery/ChatGPT_Image_Aug_4_2025_01_18_58_PM.webp','',70),(76,'products/gallery/Pastel_Heart-Shaped_Sticky_Notes.webp','',72),(79,'products/gallery/IMG_8075.PNG','',75),(80,'products/gallery/ChatGPT_Image_Aug_4_2025_09_52_41_AM.webp','',76),(81,'products/gallery/ChatGPT_Image_Aug_3_2025_06_33_23_PM.webp','',77),(82,'products/gallery/ChatGPT_Image_Aug_3_2025_06_28_59_PM.webp','',78),(83,'products/gallery/ChatGPT_Image_Aug_3_2025_06_49_01_PM_TVyyVqa.webp','',79),(84,'products/gallery/ChatGPT_Image_Aug_3_2025_10_43_16_PM.webp','',80),(85,'products/gallery/ChatGPT_Image_Aug_3_2025_06_21_47_PM.webp','',81),(86,'products/gallery/ChatGPT_Image_Aug_3_2025_06_21_41_PM.webp','',82),(87,'products/gallery/Untitled_design_1.png','',83),(88,'products/gallery/ChatGPT_Image_Aug_4_2025_08_47_05_AM.webp','',32),(89,'products/gallery/IMG_8116.webp','',84);
/*!40000 ALTER TABLE `store_productimage` ENABLE KEYS */;
UNLOCK TABLES;

--
-- Table structure for table `store_profile`
--

DROP TABLE IF EXISTS `store_profile`;
/*!40101 SET @saved_cs_client     = @@character_set_client */;
/*!50503 SET character_set_client = utf8mb4 */;
CREATE TABLE `store_profile` (
  `id` bigint NOT NULL AUTO_INCREMENT,
  `phone_number` varchar(20) NOT NULL,
  `address_line1` varchar(255) NOT NULL,
  `address_line2` varchar(255) NOT NULL,
  `city` varchar(100) NOT NULL,
  `postal_code` varchar(20) NOT NULL,
  `country` varchar(100) NOT NULL,
  `user_id` int NOT NULL,
  PRIMARY KEY (`id`),
  UNIQUE KEY `user_id` (`user_id`),
  CONSTRAINT `store_profile_user_id_d67604a1_fk_auth_user_id` FOREIGN KEY (`user_id`) REFERENCES `auth_user` (`id`)
) ENGINE=InnoDB AUTO_INCREMENT=8 DEFAULT CHARSET=utf8mb4 COLLATE=utf8mb4_0900_ai_ci;
/*!40101 SET character_set_client = @saved_cs_client */;

--
-- Dumping data for table `store_profile`
--

LOCK TABLES `store_profile` WRITE;
/*!40000 ALTER TABLE `store_profile` DISABLE KEYS */;
INSERT INTO `store_profile` VALUES (1,'','','','','','Pakistan',1),(2,'','','','','','Pakistan',2),(3,'03271253297','Main addda Sadhar Faisalabad','Jhangh road near mezan bank','Faisalabad','1234','Pakistan',3),(4,'03105819097','Chak No 97 JB','Apartment','Gojra','56000','Pakistan',4),(6,'03042132856','Upper colony street 4 pirmahal','','Pirmahal','1234','Pakistan',6),(7,'03001812197','Chak no 97 JB tehsil gojra','','T.T.SINGH','56000','Pakistan',7);
/*!40000 ALTER TABLE `store_profile` ENABLE KEYS */;
UNLOCK TABLES;
/*!40103 SET TIME_ZONE=@OLD_TIME_ZONE */;

/*!40101 SET SQL_MODE=@OLD_SQL_MODE */;
/*!40014 SET FOREIGN_KEY_CHECKS=@OLD_FOREIGN_KEY_CHECKS */;
/*!40014 SET UNIQUE_CHECKS=@OLD_UNIQUE_CHECKS */;
/*!40101 SET CHARACTER_SET_CLIENT=@OLD_CHARACTER_SET_CLIENT */;
/*!40101 SET CHARACTER_SET_RESULTS=@OLD_CHARACTER_SET_RESULTS */;
/*!40101 SET COLLATION_CONNECTION=@OLD_COLLATION_CONNECTION */;
/*!40111 SET SQL_NOTES=@OLD_SQL_NOTES */;

-- Dump completed on 2025-08-11 11:31:59
